(2025-12-31 21:36:18)	[INFO] class logger.LoggerInShellTest: El log de shell funiona bien
(2026-01-04 03:08:07)	[ERROR] class mvc.model.entries.repository.EntriesRepository: The repository cache eviction cannot be null.
(2026-01-04 03:08:07)	[ERROR] class mvc.model.entries.repository.EntriesRepository: The repository cache limit cannot be null or negative.
(2026-01-04 03:08:34)	[ERROR] class mvc.model.entries.repository.EntriesRepository: The repository cache eviction cannot be null.
(2026-01-04 03:08:34)	[ERROR] class mvc.model.entries.repository.EntriesRepository: The repository cache limit cannot be null or negative.
(2026-01-04 03:11:44)	[ERROR] class mvc.model.entries.repository.EntriesRepository: The repository cache eviction cannot be null.
(2026-01-04 03:11:44)	[ERROR] class mvc.model.entries.repository.EntriesRepository: The repository cache limit cannot be null or negative.
(2026-01-04 03:12:15)	[ERROR] class mvc.model.entries.repository.EntriesRepository: The repository cache eviction cannot be null.
(2026-01-04 03:12:15)	[ERROR] class mvc.model.entries.repository.EntriesRepository: The repository cache limit cannot be null or negative.
(2026-01-04 03:18:46)	[ERROR] class mvc.model.entries.repository.EntriesRepository: The repository cache eviction cannot be null.
(2026-01-04 03:18:46)	[ERROR] class mvc.model.entries.repository.EntriesRepository: The repository cache limit cannot be null or negative.
(2026-01-04 03:18:54)	[ERROR] class mvc.model.entries.repository.EntriesRepository: The repository cache eviction cannot be null.
(2026-01-04 03:18:54)	[ERROR] class mvc.model.entries.repository.EntriesRepository: The repository cache limit cannot be null or negative.
(2026-01-04 03:24:06)	[ERROR] class mvc.model.entries.repository.EntriesRepository: The repository cache eviction cannot be null.
(2026-01-04 03:24:06)	[ERROR] class mvc.model.entries.repository.EntriesRepository: The repository cache limit cannot be null or negative.
(2026-01-04 12:49:51)	[ERROR] class mvc.model.entries.repository.EntriesRepository: The repository cache eviction cannot be null.
(2026-01-04 12:49:51)	[ERROR] class mvc.model.entries.repository.EntriesRepository: The repository cache limit cannot be null or negative.
(2026-01-06 13:04:39)	[ERROR] class creational.AccountFactory: Password is null
(2026-01-06 13:06:47)	[INFO] mvc.controller.user.SignUpController: wdsqa
(2026-01-06 13:07:53)	[INFO] mvc.controller.user.SignUpController: ergdfegdfr
(2026-01-06 13:07:53)	[INFO] this.().toString(): ergdfegdfr
(2026-01-06 13:08:49)	[INFO] mvc.controller.user.SignUpController: wefsdc
(2026-01-06 13:08:49)	[ERROR] class dataTransportLayer.AccountDTO: USER
(2026-01-06 13:09:33)	[INFO] mvc.controller.user.SignUpController: weqdeas
(2026-01-06 13:09:33)	[ERROR] class dataTransportLayer.AccountDTO: weqdeas
(2026-01-06 13:11:23)	[INFO] mvc.controller.user.SignUpController: qadws
(2026-01-06 13:15:38)	[INFO] mvc.controller.user.SignUpController: aewsad
(2026-01-06 13:18:21)	[INFO] mvc.controller.user.SignUpController: wref
(2026-01-06 13:18:27)	[INFO] mvc.controller.user.SignUpController: wref
(2026-01-06 13:18:54)	[INFO] mvc.controller.user.SignUpController: 123
(2026-01-06 13:19:19)	[INFO] mvc.controller.user.SignUpController: 123
(2026-01-06 13:20:02)	[INFO] mvc.controller.user.SignUpController: 123
(2026-01-06 13:20:05)	[INFO] mvc.controller.user.SignUpController: 123
(2026-01-06 13:20:07)	[INFO] mvc.controller.user.SignUpController: 123
(2026-01-06 13:21:28)	[INFO] mvc.controller.user.SignUpController: rexy
(2026-01-06 19:13:13)	[INFO] class mvc.controller.user.LoginController: User a made login
(2026-01-06 19:35:06)	[INFO] class mvc.controller.user.LoginController: User a made login
(2026-01-06 19:36:17)	[INFO] class mvc.controller.user.LoginController: User a made login
(2026-01-06 19:37:05)	[INFO] class mvc.controller.user.LoginController: User a made login
(2026-01-06 19:39:31)	[INFO] mvc.controller.user.SignUpController: a
(2026-01-06 19:39:36)	[INFO] class mvc.controller.user.SignUpController: User a signed up successfully
(2026-01-06 19:39:38)	[INFO] class mvc.controller.user.LoginController: User a made login
(2026-01-06 19:48:02)	[INFO] mvc.controller.user.SignUpController: a
(2026-01-06 19:48:03)	[INFO] class mvc.controller.user.SignUpController: User a signed up successfully
(2026-01-06 19:48:08)	[INFO] class mvc.controller.user.LoginController: User a made login
(2026-01-06 19:49:22)	[INFO] class mvc.controller.user.LoginController: User a made login
(2026-01-06 19:51:38)	[INFO] class mvc.controller.user.LoginController: User a made login
(2026-01-06 19:56:35)	[INFO] class mvc.controller.user.LoginController: User test_user made login
(2026-01-06 20:22:18)	[INFO] class mvc.controller.user.LoginController: User a made login
(2026-01-06 20:25:19)	[ERROR] class mvc.controller.user.LoginController: Invalid password for user a
(2026-01-06 20:25:20)	[INFO] class mvc.controller.user.LoginController: User a made login
(2026-01-06 20:29:55)	[INFO] class mvc.controller.user.LoginController: User a made login
(2026-01-06 20:30:47)	[INFO] class mvc.controller.user.LoginController: User a made login
(2026-01-06 20:31:16)	[INFO] class mvc.controller.user.LoginController: User a made login
(2026-01-06 20:31:45)	[INFO] class mvc.controller.user.LoginController: User a made login
(2026-01-06 20:34:58)	[INFO] class mvc.controller.user.LoginController: User a made login
(2026-01-06 20:49:01)	[INFO] class mvc.controller.user.LoginController: User a made login
(2026-01-06 20:52:38)	[INFO] class mvc.controller.user.LoginController: User a made login
(2026-01-06 20:54:50)	[INFO] class mvc.controller.user.LoginController: User a made login
(2026-01-06 20:58:25)	[INFO] class mvc.controller.user.LoginController: User a made login
(2026-01-06 21:34:03)	[INFO] class mvc.controller.user.LoginController: User a made login
(2026-01-06 21:35:55)	[INFO] class mvc.controller.user.LoginController: User a made login
(2026-01-06 21:37:52)	[INFO] class mvc.controller.user.LoginController: User a made login
(2026-01-06 21:40:44)	[INFO] class mvc.controller.user.LoginController: User a made login
(2026-01-06 21:46:16)	[INFO] class mvc.controller.user.LoginController: User a made login
(2026-01-06 21:47:53)	[INFO] class mvc.controller.user.LoginController: User a made login
(2026-01-06 21:48:17)	[INFO] class mvc.controller.user.LoginController: User a made login
(2026-01-06 21:49:18)	[INFO] class mvc.controller.user.LoginController: User a made login
(2026-01-06 21:51:00)	[INFO] class mvc.controller.user.LoginController: User a made login
(2026-01-06 22:04:44)	[INFO] class mvc.controller.user.LoginController: User a made login
(2026-01-06 22:08:36)	[INFO] class mvc.controller.user.LoginController: User a made login
(2026-01-06 22:09:27)	[INFO] class mvc.controller.user.LoginController: User a made login
(2026-01-06 22:09:48)	[INFO] class mvc.controller.user.LoginController: User a made login
(2026-01-06 22:10:34)	[INFO] class mvc.controller.user.LoginController: User a made login
(2026-01-06 22:16:20)	[INFO] class mvc.controller.user.LoginController: User a made login
(2026-01-06 22:17:51)	[INFO] class mvc.controller.user.LoginController: User a made login
(2026-01-06 22:25:06)	[INFO] class mvc.controller.user.LoginController: User a made login
(2026-01-06 22:26:27)	[INFO] class mvc.controller.user.LoginController: User a made login
(2026-01-06 22:28:12)	[INFO] class mvc.controller.user.LoginController: User a made login
(2026-01-06 22:34:25)	[INFO] class mvc.controller.user.LoginController: User a made login
(2026-01-06 22:37:11)	[INFO] class mvc.controller.user.LoginController: User a made login
(2026-01-06 22:37:23)	[INFO] class mvc.controller.user.LoginController: User a made login
(2026-01-06 22:39:48)	[INFO] class mvc.controller.user.LoginController: User a made login
(2026-01-06 22:40:01)	[INFO] class mvc.controller.user.LoginController: User a made login
(2026-01-06 20:08:04)	[INFO] class mvc.controller.user.LoginController: User test_user made login
(2026-01-06 20:11:03)	[INFO] class mvc.controller.user.LoginController: User test_user made login
(2026-01-06 21:17:33)	[INFO] class mvc.controller.user.LoginController: User test_user made login
(2026-01-06 21:43:17)	[INFO] class mvc.controller.user.LoginController: User test_user made login
(2026-01-06 21:45:16)	[INFO] class mvc.controller.user.LoginController: User test_user made login
(2026-01-06 21:53:20)	[INFO] class mvc.controller.user.LoginController: User test_user made login
(2026-01-06 21:55:34)	[INFO] class mvc.controller.user.LoginController: User test_user made login
(2026-01-06 22:14:06)	[INFO] class mvc.controller.user.LoginController: User test_user made login
(2026-01-06 22:18:31)	[INFO] class mvc.controller.user.LoginController: User test_user made login
(2026-01-06 22:19:17)	[INFO] class mvc.controller.user.LoginController: User test_user made login
(2026-01-06 22:20:16)	[INFO] class mvc.controller.user.LoginController: User test_user made login
(2026-01-06 22:21:05)	[INFO] class mvc.controller.user.LoginController: User test_user made login
(2026-01-06 22:21:52)	[INFO] class mvc.controller.user.LoginController: User test_user made login
(2026-01-06 22:22:33)	[INFO] class mvc.controller.user.LoginController: User test_user made login
(2026-01-06 22:23:25)	[ERROR] class mvc.controller.user.LoginController: No account regarding user a
(2026-01-06 22:23:41)	[INFO] mvc.controller.user.SignUpController: 1234
(2026-01-06 22:23:44)	[INFO] class mvc.controller.user.SignUpController: User a signed up successfully
(2026-01-06 22:24:28)	[INFO] mvc.controller.user.SignUpController: 1234
(2026-01-06 22:24:46)	[INFO] class mvc.controller.user.SignUpController: User a signed up successfully
(2026-01-06 22:24:57)	[INFO] class mvc.controller.user.LoginController: User test_user made login
(2026-01-06 23:05:17)	[INFO] class mvc.controller.user.LoginController: User test_user made login
(2026-01-06 23:56:37)	[INFO] class mvc.controller.user.LoginController: User a made login
(2026-01-07 00:04:55)	[INFO] class mvc.controller.user.LoginController: User a made login
(2026-01-07 00:06:26)	[INFO] class mvc.controller.user.LoginController: User a made login
(2026-01-07 00:10:51)	[INFO] class mvc.controller.user.LoginController: User a made login
(2026-01-07 00:31:55)	[INFO] class mvc.controller.user.LoginController: User a made login
(2026-01-07 00:43:17)	[INFO] class mvc.controller.user.LoginController: User a made login
(2026-01-07 00:44:26)	[INFO] class mvc.controller.user.LoginController: User a made login
(2026-01-07 00:48:01)	[INFO] class mvc.controller.user.LoginController: User a made login
(2026-01-07 00:50:22)	[INFO] class mvc.controller.user.LoginController: User a made login
(2026-01-07 00:53:31)	[INFO] class mvc.controller.user.LoginController: User a made login
(2026-01-07 00:56:08)	[INFO] class mvc.controller.user.LoginController: User a made login
(2026-01-07 00:57:08)	[INFO] class mvc.controller.user.LoginController: User a made login
(2026-01-07 00:57:35)	[INFO] class mvc.controller.user.LoginController: User a made login
(2026-01-07 00:59:06)	[INFO] class mvc.controller.user.LoginController: User a made login
(2026-01-07 01:00:29)	[INFO] class mvc.controller.user.LoginController: User a made login
(2026-01-07 01:05:13)	[INFO] class mvc.controller.user.LoginController: User a made login
(2026-01-07 01:06:02)	[INFO] class mvc.controller.user.LoginController: User a made login
(2026-01-07 01:06:52)	[INFO] class mvc.controller.user.LoginController: User a made login
(2026-01-07 01:08:26)	[INFO] class mvc.controller.user.LoginController: User a made login
(2026-01-07 01:09:24)	[INFO] class mvc.controller.user.LoginController: User a made login
(2026-01-07 01:12:52)	[INFO] class mvc.controller.user.LoginController: User a made login
(2026-01-07 00:03:44)	[INFO] class mvc.controller.user.LoginController: User a made login
(2026-01-07 00:07:02)	[INFO] class mvc.controller.user.LoginController: User a made login
(2026-01-07 00:13:12)	[INFO] class mvc.controller.user.LoginController: User a made login
(2026-01-07 00:13:28)	[INFO] class mvc.controller.user.LoginController: User a made login
(2026-01-07 00:14:44)	[INFO] class mvc.controller.user.LoginController: User a made login
(2026-01-07 00:17:01)	[INFO] class mvc.controller.user.LoginController: User a made login
(2026-01-07 00:18:29)	[INFO] class mvc.controller.user.LoginController: User a made login
(2026-01-07 00:22:18)	[INFO] class mvc.controller.user.LoginController: User a made login
(2026-01-07 00:22:50)	[INFO] class mvc.controller.user.LoginController: User a made login
(2026-01-07 00:23:08)	[INFO] class mvc.controller.user.LoginController: User a made login
(2026-01-07 00:23:46)	[INFO] class mvc.controller.user.LoginController: User a made login
(2026-01-07 00:24:28)	[INFO] class mvc.controller.user.LoginController: User a made login
(2026-01-07 00:25:24)	[INFO] class mvc.controller.user.LoginController: User a made login
(2026-01-07 00:26:05)	[INFO] class mvc.controller.user.LoginController: User a made login
(2026-01-07 00:31:35)	[INFO] class mvc.controller.user.LoginController: User a made login
(2026-01-07 00:34:44)	[INFO] class mvc.controller.user.LoginController: User a made login
(2026-01-07 00:37:30)	[INFO] class mvc.controller.user.LoginController: User a made login
(2026-01-07 00:37:47)	[INFO] class mvc.controller.user.LoginController: User a made login
(2026-01-07 00:38:05)	[INFO] class mvc.controller.user.LoginController: User a made login
(2026-01-07 00:38:45)	[INFO] class mvc.controller.user.LoginController: User a made login
(2026-01-07 00:42:03)	[INFO] class mvc.controller.user.LoginController: User a made login
(2026-01-07 00:42:56)	[INFO] class mvc.controller.user.LoginController: User a made login
(2026-01-07 00:43:22)	[INFO] class mvc.controller.user.LoginController: User a made login
(2026-01-07 00:44:24)	[INFO] class mvc.controller.user.LoginController: User a made login
(2026-01-07 00:46:02)	[ERROR] class mvc.controller.user.LoginController: Invalid password for user a
(2026-01-07 00:46:04)	[INFO] class mvc.controller.user.LoginController: User a made login
(2026-01-07 01:18:21)	[INFO] class mvc.controller.user.LoginController: User a made login
(2026-01-07 01:22:44)	[INFO] mvc.controller.user.SignUpController: pene
(2026-01-07 01:22:47)	[INFO] class mvc.controller.user.SignUpController: User pepita signed up successfully
(2026-01-07 01:22:55)	[ERROR] class mvc.controller.user.LoginController: No account regarding user pepita
(2026-01-07 01:22:58)	[ERROR] class mvc.controller.user.LoginController: No account regarding user pepita
(2026-01-07 01:23:00)	[INFO] mvc.controller.user.SignUpController: pene
(2026-01-07 01:23:01)	[INFO] class mvc.controller.user.SignUpController: User pepita signed up successfully
(2026-01-07 01:23:03)	[INFO] class mvc.controller.user.LoginController: User pepita made login
(2026-01-07 03:10:44)	[INFO] class mvc.controller.user.LoginController: User a made login
(2026-01-07 03:14:03)	[INFO] class mvc.controller.user.LoginController: User a made login
(2026-01-07 03:16:55)	[INFO] class mvc.controller.user.LoginController: User a made login
(2026-01-07 03:17:55)	[INFO] class mvc.controller.user.LoginController: User a made login
(2026-01-07 03:20:23)	[INFO] class mvc.controller.user.LoginController: User a made login
(2026-01-07 03:20:54)	[INFO] class mvc.controller.user.LoginController: User a made login
(2026-01-07 03:21:52)	[INFO] class mvc.controller.user.LoginController: User a made login
(2026-01-07 03:31:02)	[INFO] class mvc.controller.user.LoginController: User a made login
(2026-01-07 03:32:30)	[INFO] class mvc.controller.user.LoginController: User a made login
(2026-01-07 03:32:37)	[INFO] class mvc.controller.user.LoginController: User a made login
(2026-01-07 03:33:57)	[INFO] mvc.controller.user.SignUpController: b
(2026-01-07 03:33:58)	[INFO] class mvc.controller.user.SignUpController: User b signed up successfully
(2026-01-07 03:33:59)	[INFO] mvc.controller.user.SignUpController: b
(2026-01-07 03:34:00)	[INFO] class mvc.controller.user.SignUpController: User b signed up successfully
(2026-01-07 03:34:02)	[INFO] mvc.controller.user.SignUpController: b
(2026-01-07 03:34:08)	[INFO] mvc.controller.user.SignUpController: c
(2026-01-07 03:34:10)	[INFO] class mvc.controller.user.SignUpController: User c signed up successfully
(2026-01-07 03:34:13)	[INFO] class mvc.controller.user.LoginController: User c made login
(2026-01-07 03:34:18)	[INFO] class mvc.controller.user.LoginController: User c made login
(2026-01-07 03:34:26)	[INFO] class mvc.controller.user.LoginController: User a made login
(2026-01-07 03:39:59)	[INFO] class mvc.controller.user.LoginController: User a made login
(2026-01-07 03:41:55)	[INFO] class mvc.controller.user.LoginController: User a made login
(2026-01-07 03:42:05)	[INFO] mvc.controller.user.SignUpController: b
(2026-01-07 03:42:06)	[INFO] class mvc.controller.user.SignUpController: User b signed up successfully
(2026-01-07 03:42:12)	[INFO] mvc.controller.user.SignUpController: b
(2026-01-07 03:42:12)	[INFO] class mvc.controller.user.SignUpController: User b signed up successfully
(2026-01-07 03:42:18)	[INFO] mvc.controller.user.SignUpController: c
(2026-01-07 03:42:19)	[INFO] class mvc.controller.user.SignUpController: User c signed up successfully
(2026-01-07 03:42:21)	[INFO] class mvc.controller.user.LoginController: User a made login
(2026-01-07 03:45:55)	[INFO] class mvc.controller.user.LoginController: User a made login
(2026-01-07 04:00:27)	[INFO] class mvc.controller.user.LoginController: User a made login
(2026-01-07 04:01:41)	[INFO] class mvc.controller.user.LoginController: User a made login
(2026-01-07 04:01:50)	[INFO] mvc.controller.user.SignUpController: q
(2026-01-07 04:01:51)	[INFO] class mvc.controller.user.SignUpController: User q signed up successfully
(2026-01-07 04:01:51)	[INFO] mvc.controller.user.SignUpController: q
(2026-01-07 04:01:52)	[INFO] class mvc.controller.user.SignUpController: User q signed up successfully
(2026-01-07 04:01:57)	[INFO] class mvc.controller.user.LoginController: User q made login
(2026-01-07 04:03:33)	[INFO] mvc.controller.user.SignUpController: 3
(2026-01-07 04:03:34)	[INFO] class mvc.controller.user.SignUpController: User 3 signed up successfully
(2026-01-07 04:03:34)	[INFO] mvc.controller.user.SignUpController: 3
(2026-01-07 04:03:35)	[INFO] class mvc.controller.user.SignUpController: User 3 signed up successfully
(2026-01-07 04:03:38)	[INFO] mvc.controller.user.SignUpController: 4
(2026-01-07 04:03:39)	[INFO] class mvc.controller.user.SignUpController: User 4 signed up successfully
(2026-01-07 04:03:42)	[INFO] class mvc.controller.user.LoginController: User 4 made login
(2026-01-07 04:04:41)	[INFO] mvc.controller.user.SignUpController: 1
(2026-01-07 04:04:41)	[INFO] class mvc.controller.user.SignUpController: User 1 signed up successfully
(2026-01-07 04:04:42)	[INFO] mvc.controller.user.SignUpController: 1
(2026-01-07 04:04:43)	[INFO] class mvc.controller.user.SignUpController: User 1 signed up successfully
(2026-01-07 04:04:46)	[INFO] mvc.controller.user.SignUpController: 2
(2026-01-07 04:04:47)	[INFO] class mvc.controller.user.SignUpController: User 2 signed up successfully
(2026-01-07 04:04:50)	[INFO] mvc.controller.user.SignUpController: 3
(2026-01-07 04:04:51)	[INFO] class mvc.controller.user.SignUpController: User 3 signed up successfully
(2026-01-07 04:04:54)	[INFO] class mvc.controller.user.LoginController: User 3 made login
(2026-01-07 04:10:41)	[INFO] class mvc.controller.user.LoginController: User a made login
(2026-01-07 04:10:50)	[ERROR] class mvc.controller.user.LoginController: No account regarding user q
(2026-01-07 04:10:55)	[ERROR] class mvc.controller.user.LoginController: No account regarding user 1
(2026-01-07 04:10:59)	[ERROR] class mvc.controller.user.LoginController: No account regarding user 3
(2026-01-07 04:11:03)	[ERROR] class mvc.controller.user.LoginController: No account regarding user 4
(2026-01-07 04:11:07)	[INFO] mvc.controller.user.SignUpController: 1
(2026-01-07 04:11:07)	[INFO] class mvc.controller.user.SignUpController: User 1 signed up successfully
(2026-01-07 04:11:10)	[INFO] mvc.controller.user.SignUpController: 1
(2026-01-07 04:11:11)	[INFO] class mvc.controller.user.SignUpController: User 1 signed up successfully
(2026-01-07 04:11:15)	[INFO] mvc.controller.user.SignUpController: 2
(2026-01-07 04:11:20)	[INFO] class mvc.controller.user.LoginController: User 2 made login
(2026-01-07 04:11:55)	[INFO] class mvc.controller.user.LoginController: User 2 made login
(2026-01-07 04:26:58)	[INFO] mvc.controller.user.SignUpController: rty
(2026-01-07 04:27:00)	[INFO] class mvc.controller.user.SignUpController: User uy signed up successfully
(2026-01-07 04:27:04)	[INFO] mvc.controller.user.SignUpController: rty
(2026-01-07 04:27:05)	[INFO] class mvc.controller.user.SignUpController: User uyt signed up successfully
(2026-01-07 04:27:07)	[INFO] mvc.controller.user.SignUpController: rty
(2026-01-07 04:27:07)	[INFO] class mvc.controller.user.SignUpController: User uyta signed up successfully
(2026-01-07 04:27:09)	[INFO] mvc.controller.user.SignUpController: rty
(2026-01-07 04:27:09)	[INFO] class mvc.controller.user.SignUpController: User uyta1 signed up successfully
(2026-01-07 04:27:10)	[INFO] mvc.controller.user.SignUpController: rty
(2026-01-07 04:27:11)	[INFO] class mvc.controller.user.SignUpController: User uyta14 signed up successfully
(2026-01-07 04:27:12)	[INFO] mvc.controller.user.SignUpController: rty
(2026-01-07 04:27:13)	[INFO] class mvc.controller.user.SignUpController: User uyta145 signed up successfully
(2026-01-07 04:27:14)	[INFO] mvc.controller.user.SignUpController: rty
(2026-01-07 04:27:15)	[INFO] class mvc.controller.user.SignUpController: User uyta1456 signed up successfully
(2026-01-07 04:27:16)	[INFO] mvc.controller.user.SignUpController: rty
(2026-01-07 04:27:16)	[INFO] class mvc.controller.user.SignUpController: User uyta145698 signed up successfully
(2026-01-07 04:27:18)	[INFO] mvc.controller.user.SignUpController: rty
(2026-01-07 04:27:18)	[INFO] class mvc.controller.user.SignUpController: User uyta1456980 signed up successfully
(2026-01-07 04:28:00)	[INFO] mvc.controller.user.SignUpController: 785
(2026-01-07 04:28:07)	[INFO] mvc.controller.user.SignUpController: 12
(2026-01-07 04:28:08)	[INFO] class mvc.controller.user.SignUpController: User 43256 signed up successfully
(2026-01-07 04:31:42)	[INFO] mvc.controller.user.SignUpController: 5
(2026-01-07 04:31:43)	[INFO] class mvc.controller.user.SignUpController: User 5 signed up successfully
(2026-01-07 04:31:51)	[INFO] class mvc.controller.user.LoginController: User 5 made login
(2026-01-07 04:36:34)	[ERROR] class mvc.controller.user.LoginController: Invalid password for user 5
(2026-01-07 04:36:36)	[ERROR] class mvc.controller.user.LoginController: Invalid password for user 5
(2026-01-07 04:36:37)	[ERROR] class mvc.controller.user.LoginController: Invalid password for user 5
(2026-01-07 04:36:38)	[ERROR] class mvc.controller.user.LoginController: Invalid password for user 5
(2026-01-07 04:36:38)	[ERROR] class mvc.controller.user.LoginController: Invalid password for user 5
(2026-01-07 04:36:39)	[ERROR] class mvc.controller.user.LoginController: Invalid password for user 5
(2026-01-07 04:36:40)	[ERROR] class mvc.controller.user.LoginController: Invalid password for user 5
(2026-01-07 04:36:42)	[ERROR] class mvc.controller.user.LoginController: Invalid password for user 5
(2026-01-07 04:36:43)	[ERROR] class mvc.controller.user.LoginController: Invalid password for user 5
(2026-01-07 04:36:43)	[ERROR] class mvc.controller.user.LoginController: Invalid password for user 5
(2026-01-07 04:36:45)	[ERROR] class mvc.controller.user.LoginController: Invalid password for user 5
(2026-01-07 04:36:46)	[ERROR] class mvc.controller.user.LoginController: Invalid password for user 5
(2026-01-07 04:36:46)	[ERROR] class mvc.controller.user.LoginController: Invalid password for user 5
(2026-01-07 04:36:47)	[ERROR] class mvc.controller.user.LoginController: Invalid password for user 5
(2026-01-07 04:36:48)	[ERROR] class mvc.controller.user.LoginController: Invalid password for user 5
(2026-01-07 04:52:32)	[ERROR] class mvc.controller.user.LoginController: Invalid password for user 5
(2026-01-07 04:52:33)	[ERROR] class mvc.controller.user.LoginController: Invalid password for user 5
(2026-01-07 04:52:34)	[ERROR] class mvc.controller.user.LoginController: Invalid password for user 5
(2026-01-07 04:52:35)	[ERROR] class mvc.controller.user.LoginController: Invalid password for user 5
(2026-01-07 04:52:36)	[ERROR] class mvc.controller.user.LoginController: Invalid password for user 5
(2026-01-07 04:52:37)	[ERROR] class mvc.controller.user.LoginController: Invalid password for user 5
(2026-01-07 04:52:38)	[ERROR] class mvc.controller.user.LoginController: Invalid password for user 5
(2026-01-07 04:52:39)	[ERROR] class mvc.controller.user.LoginController: Invalid password for user 5
(2026-01-07 04:52:40)	[ERROR] class mvc.controller.user.LoginController: Invalid password for user 5
(2026-01-07 04:52:41)	[ERROR] class mvc.controller.user.LoginController: Invalid password for user 5
(2026-01-07 05:04:36)	[ERROR] class mvc.controller.user.LoginController: No account regarding user 5
(2026-01-07 05:04:38)	[ERROR] class mvc.controller.user.LoginController: No account regarding user 5
(2026-01-07 05:04:46)	[INFO] mvc.controller.user.SignUpController: 5
(2026-01-07 05:04:47)	[INFO] class mvc.controller.user.SignUpController: User 5 signed up successfully
(2026-01-07 05:04:50)	[INFO] mvc.controller.user.SignUpController: 5
(2026-01-07 05:04:51)	[INFO] class mvc.controller.user.SignUpController: User 6 signed up successfully
(2026-01-07 05:04:53)	[ERROR] class mvc.controller.user.LoginController: Invalid password for user 5
(2026-01-07 05:04:54)	[ERROR] class mvc.controller.user.LoginController: Invalid password for user 5
(2026-01-07 05:04:55)	[ERROR] class mvc.controller.user.LoginController: Invalid password for user 5
(2026-01-07 05:04:56)	[ERROR] class mvc.controller.user.LoginController: Invalid password for user 5
(2026-01-07 05:04:57)	[ERROR] class mvc.controller.user.LoginController: Invalid password for user 5
(2026-01-07 05:04:57)	[ERROR] class mvc.controller.user.LoginController: Invalid password for user 5
(2026-01-07 05:04:58)	[ERROR] class mvc.controller.user.LoginController: Invalid password for user 5
(2026-01-07 05:04:58)	[ERROR] class mvc.controller.user.LoginController: Invalid password for user 5
(2026-01-07 05:04:59)	[ERROR] class mvc.controller.user.LoginController: Invalid password for user 5
(2026-01-07 05:04:59)	[ERROR] class mvc.controller.user.LoginController: Invalid password for user 5
(2026-01-07 05:05:00)	[ERROR] class mvc.controller.user.LoginController: Invalid password for user 5
(2026-01-07 05:05:00)	[ERROR] class mvc.controller.user.LoginController: Invalid password for user 5
(2026-01-07 05:05:02)	[ERROR] class mvc.controller.user.LoginController: Invalid password for user 5
(2026-01-07 05:05:02)	[ERROR] class mvc.controller.user.LoginController: Invalid password for user 5
(2026-01-07 05:05:03)	[ERROR] class mvc.controller.user.LoginController: Invalid password for user 5
(2026-01-07 05:06:11)	[INFO] class mvc.controller.user.LoginController: User 5 made login
(2026-01-07 05:07:03)	[INFO] mvc.controller.user.SignUpController: 1
(2026-01-07 05:07:04)	[INFO] class mvc.controller.user.SignUpController: User 1 signed up successfully
(2026-01-07 05:07:05)	[ERROR] class mvc.controller.user.LoginController: No account regarding user 
(2026-01-07 05:07:07)	[INFO] class mvc.controller.user.LoginController: User 1 made login
(2026-01-07 05:07:22)	[INFO] class mvc.controller.user.LoginController: User 1 made login
(2026-01-07 05:08:13)	[INFO] mvc.controller.user.SignUpController: 1
(2026-01-07 05:08:59)	[INFO] mvc.controller.user.SignUpController: 1
(2026-01-07 05:09:00)	[INFO] class mvc.controller.user.SignUpController: User 1 signed up successfully
(2026-01-07 05:09:03)	[INFO] class mvc.controller.user.LoginController: User 1 made login
(2026-01-07 05:09:14)	[INFO] class mvc.controller.user.LoginController: User 1 made login
(2026-01-07 05:09:41)	[INFO] class mvc.controller.user.LoginController: User 1 made login
(2026-01-07 05:11:08)	[INFO] mvc.controller.user.SignUpController: 1
(2026-01-07 05:11:09)	[INFO] class mvc.controller.user.SignUpController: User 1 signed up successfully
(2026-01-07 05:11:11)	[INFO] class mvc.controller.user.LoginController: User 1 made login
(2026-01-07 05:41:55)	[INFO] class mvc.controller.user.LoginController: User 1 made login
(2026-01-07 12:55:49)	[ERROR] class mvc.controller.user.LoginController: No account regarding user a
(2026-01-07 12:55:50)	[ERROR] class mvc.controller.user.LoginController: No account regarding user a
(2026-01-07 12:55:51)	[ERROR] class mvc.controller.user.LoginController: No account regarding user a
(2026-01-07 12:55:55)	[ERROR] class mvc.controller.user.LoginController: No account regarding user 5
(2026-01-07 12:56:45)	[ERROR] class mvc.controller.user.LoginController: Invalid password for user 1
(2026-01-07 12:56:55)	[INFO] mvc.controller.user.SignUpController: 1232
(2026-01-07 12:56:59)	[INFO] mvc.controller.user.SignUpController: 1232
(2026-01-07 12:57:12)	[INFO] class mvc.controller.user.LoginController: User 1 made login
(2026-01-07 13:01:26)	[INFO] class mvc.controller.user.LoginController: User 1 made login
(2026-01-07 13:02:17)	[INFO] class mvc.controller.user.LoginController: User 1 made login
(2026-01-07 13:07:08)	[INFO] class mvc.controller.user.LoginController: User 1 made login
(2026-01-07 13:08:25)	[INFO] class mvc.controller.user.LoginController: User 1 made login
(2026-01-07 13:31:07)	[INFO] class mvc.controller.user.LoginController: User 1 made login
(2026-01-07 13:31:23)	[INFO] class mvc.controller.add.AddCollectionController: Collection with name aa has been created
(2026-01-07 15:50:38)	[INFO] class mvc.controller.user.LoginController: User a made login
(2026-01-07 15:50:52)	[INFO] class mvc.controller.show.entry.data.ShowItemDataController: Deleted Item with name sus successfully
(2026-01-07 15:59:05)	[INFO] class mvc.controller.user.LoginController: User a made login
(2026-01-07 15:59:28)	[INFO] class mvc.controller.add.AddItemController: An Item named Huevo burgues has been created
(2026-01-07 15:59:35)	[INFO] class mvc.controller.show.entry.data.ShowItemDataController: Deleted Item with name Huevo burgues successfully
(2026-01-07 16:00:39)	[INFO] class mvc.controller.add.AddItemController: An Item named Huevo burgues has been created
(2026-01-07 16:00:58)	[INFO] class mvc.controller.add.AddItemController: An Item named Huevo souls has been created
(2026-01-07 16:02:30)	[INFO] class mvc.controller.add.AddRecipeController: A recipe named Lirili has been created
(2026-01-07 16:03:04)	[INFO] class mvc.controller.user.LoginController: User a made login
(2026-01-07 16:03:16)	[INFO] class command.modify.screen.ModifyCollectionCommand: Inyectando datos para modificar la coleccion Mandela Catalogue
(2026-01-07 16:13:17)	[INFO] class mvc.controller.user.LoginController: User a made login
(2026-01-07 16:13:22)	[INFO] class command.modify.screen.ModifyCollectionCommand: Inyectando datos para modificar la coleccion Mandela Catalogue
(2026-01-07 16:15:19)	[INFO] class mvc.controller.user.LoginController: User a made login
(2026-01-07 16:15:26)	[INFO] class command.modify.screen.ModifyCollectionCommand: Inyectando datos para modificar la coleccion Mandela Catalogue
(2026-01-07 16:21:14)	[INFO] class mvc.controller.user.LoginController: User a made login
(2026-01-07 16:21:17)	[INFO] class command.modify.screen.ModifyCollectionCommand: Inyectando datos para modificar la coleccion Mandela Catalogue
(2026-01-07 16:23:49)	[INFO] class mvc.controller.add.AddItemController: An Item named asdas has been created
(2026-01-07 16:23:51)	[INFO] class command.modify.screen.ModifyCollectionCommand: Inyectando datos para modificar la coleccion Mandela Catalogue
(2026-01-07 16:41:14)	[INFO] class mvc.controller.user.LoginController: User a made login
(2026-01-07 16:41:19)	[INFO] class command.modify.screen.ModifyCollectionCommand: Inyectando datos para modificar la coleccion Mandela Catalogue
(2026-01-07 16:42:57)	[INFO] class mvc.controller.user.LoginController: User a made login
(2026-01-07 16:43:01)	[INFO] class command.modify.screen.ModifyCollectionCommand: Inyectando datos para modificar la coleccion Mandela Catalogue
(2026-01-07 16:43:32)	[INFO] class mvc.controller.add.AddItemController: An Item named sassasa has been created
(2026-01-07 16:49:20)	[INFO] class mvc.controller.user.LoginController: User a made login
(2026-01-07 16:49:25)	[INFO] class command.modify.screen.ModifyCollectionCommand: Inyectando datos para modificar la coleccion Mandela Catalogue
(2026-01-07 16:49:39)	[INFO] class mvc.controller.add.AddItemController: An Item named asdasdasd has been created
(2026-01-07 16:49:40)	[INFO] class command.modify.screen.ModifyCollectionCommand: Inyectando datos para modificar la coleccion Mandela Catalogue
(2026-01-07 16:50:10)	[INFO] class mvc.controller.user.LoginController: User a made login
(2026-01-07 16:52:01)	[INFO] class mvc.controller.user.LoginController: User a made login
(2026-01-07 16:52:14)	[INFO] class command.modify.screen.ModifyCollectionCommand: Inyectando datos para modificar la coleccion Mandela Catalogue
(2026-01-07 16:52:29)	[INFO] class mvc.controller.add.AddItemController: An Item named zxczxczxczxc has been created
(2026-01-07 16:52:29)	[INFO] class command.modify.screen.ModifyCollectionCommand: Inyectando datos para modificar la coleccion Mandela Catalogue
(2026-01-07 16:52:39)	[ERROR] class mvc.controller.add.AddItemController: attempted to create already existent
(2026-01-07 16:52:42)	[INFO] class mvc.controller.add.AddItemController: An Item named zxczxczxczxcSSSSSSS has been created
(2026-01-07 16:52:42)	[INFO] class command.modify.screen.ModifyCollectionCommand: Inyectando datos para modificar la coleccion Mandela Catalogue
(2026-01-07 16:52:53)	[ERROR] class mvc.controller.add.AddItemController: attempted to create already existent
(2026-01-07 16:55:14)	[INFO] class mvc.controller.user.LoginController: User a made login
(2026-01-07 16:55:18)	[INFO] class command.modify.screen.ModifyCollectionCommand: Inyectando datos para modificar la coleccion Mandela Catalogue
(2026-01-07 16:55:24)	[INFO] class mvc.controller.add.AddItemController: An Item named asdasdddS has been created
(2026-01-07 16:55:24)	[INFO] class command.modify.screen.ModifyCollectionCommand: Inyectando datos para modificar la coleccion Mandela Catalogue
(2026-01-07 16:55:27)	[ERROR] class mvc.controller.add.AddItemController: attempted to create already existent
(2026-01-07 16:55:43)	[INFO] class mvc.controller.user.LoginController: User a made login
(2026-01-07 16:56:17)	[INFO] class mvc.controller.user.LoginController: User a made login
(2026-01-07 16:56:29)	[INFO] class command.modify.screen.ModifyCollectionCommand: Inyectando datos para modificar la coleccion Mandela Catalogue
(2026-01-07 16:56:39)	[INFO] class mvc.controller.add.AddItemController: An Item named asd"ï¿½"ï¿½232 has been created
(2026-01-07 16:58:05)	[INFO] class mvc.controller.user.LoginController: User a made login
(2026-01-07 16:58:08)	[INFO] class command.modify.screen.ModifyCollectionCommand: Inyectando datos para modificar la coleccion Mandela Catalogue
(2026-01-07 16:58:17)	[INFO] class mvc.controller.add.AddItemController: An Item named asd"ï¿½33 has been created
(2026-01-07 16:58:17)	[INFO] class command.modify.screen.ModifyCollectionCommand: Inyectando datos para modificar la coleccion Mandela Catalogue
(2026-01-07 16:58:35)	[INFO] class mvc.controller.user.LoginController: User a made login
(2026-01-07 16:58:40)	[INFO] class command.modify.screen.ModifyCollectionCommand: Inyectando datos para modificar la coleccion Mandela Catalogue
(2026-01-07 16:59:08)	[INFO] class mvc.controller.add.AddItemController: An Item named dadadadadadadadadadadadadada has been created
(2026-01-07 16:59:08)	[INFO] class command.modify.screen.ModifyCollectionCommand: Inyectando datos para modificar la coleccion Mandela Catalogue
(2026-01-07 17:49:16)	[INFO] class mvc.controller.user.LoginController: User a made login
(2026-01-07 17:49:22)	[INFO] class command.modify.screen.ModifyCollectionCommand: Inyectando datos para modificar la coleccion Gutsegg
(2026-01-07 17:49:29)	[INFO] class mvc.controller.add.AddItemController: An Item named zsdsasdasgvffg has been created
(2026-01-07 17:49:29)	[INFO] class command.modify.screen.ModifyCollectionCommand: Inyectando datos para modificar la coleccion Gutsegg
(2026-01-07 17:49:49)	[ERROR] class mvc.controller.add.AddItemController: attempted to create already existent
(2026-01-07 17:55:15)	[INFO] class mvc.controller.user.LoginController: User a made login
(2026-01-07 17:55:22)	[INFO] class command.modify.screen.ModifyCollectionCommand: Inyectando datos para modificar la coleccion Mandela Catalogue
(2026-01-07 17:55:34)	[INFO] class mvc.controller.add.AddItemController: An Item named tuntuntun has been created
(2026-01-07 17:55:34)	[INFO] class command.modify.screen.ModifyCollectionCommand: Inyectando datos para modificar la coleccion Mandela Catalogue
(2026-01-07 17:56:02)	[ERROR] class mvc.controller.add.AddItemController: attempted to create already existent
(2026-01-07 17:10:44)	[INFO] class mvc.controller.user.LoginController: User a made login
(2026-01-07 17:15:57)	[INFO] class mvc.controller.user.LoginController: User a made login
(2026-01-07 17:17:13)	[INFO] class mvc.controller.user.LoginController: User a made login
(2026-01-07 17:18:51)	[INFO] class mvc.controller.user.LoginController: User a made login
(2026-01-07 17:19:54)	[INFO] class mvc.controller.user.LoginController: User a made login
(2026-01-07 17:21:47)	[INFO] class mvc.controller.user.LoginController: User a made login
(2026-01-07 17:22:57)	[INFO] class mvc.controller.user.LoginController: User a made login
(2026-01-07 17:23:54)	[INFO] class mvc.controller.user.LoginController: User a made login
(2026-01-07 17:24:14)	[INFO] class mvc.controller.user.LoginController: User a made login
(2026-01-07 17:25:20)	[INFO] class mvc.controller.user.LoginController: User a made login
(2026-01-07 17:25:53)	[ERROR] class mvc.controller.add.AddItemController: attempted to create already existent
(2026-01-07 17:25:56)	[ERROR] class mvc.controller.add.AddItemController: attempted to create already existent
(2026-01-07 17:26:00)	[ERROR] class mvc.controller.add.AddItemController: attempted to create already existent
(2026-01-07 17:26:22)	[INFO] class mvc.controller.user.LoginController: User a made login
(2026-01-07 17:35:37)	[INFO] class mvc.controller.user.LoginController: User a made login
(2026-01-07 17:37:30)	[INFO] class mvc.controller.user.LoginController: User a made login
(2026-01-07 17:38:32)	[INFO] class mvc.controller.user.LoginController: User a made login
(2026-01-07 17:41:42)	[INFO] class mvc.controller.user.LoginController: User a made login
(2026-01-07 17:42:27)	[INFO] class mvc.controller.show.entry.data.ShowItemDataController: Deleted Item with name asdf successfully
(2026-01-07 17:42:30)	[INFO] class mvc.controller.show.entry.data.ShowRecipeDataController: Deleted recipe with name asdf successfully
(2026-01-07 17:44:28)	[INFO] class mvc.controller.user.LoginController: User a made login
(2026-01-07 17:44:42)	[INFO] class mvc.controller.add.AddItemController: An Item named item has been created
(2026-01-07 17:52:42)	[INFO] class mvc.controller.user.LoginController: User a made login
(2026-01-07 17:54:02)	[INFO] class mvc.controller.user.LoginController: User a made login
(2026-01-07 18:09:44)	[INFO] class mvc.controller.user.LoginController: User a made login
(2026-01-07 18:16:55)	[INFO] class mvc.controller.user.LoginController: User a made login
(2026-01-07 18:18:27)	[INFO] class mvc.controller.user.LoginController: User a made login
(2026-01-07 18:19:57)	[INFO] class mvc.controller.user.LoginController: User a made login
(2026-01-07 18:21:30)	[INFO] class mvc.controller.user.LoginController: User a made login
(2026-01-07 18:27:19)	[INFO] class mvc.controller.user.LoginController: User a made login
(2026-01-07 18:34:33)	[INFO] class mvc.controller.user.LoginController: User a made login
(2026-01-07 18:37:25)	[INFO] class mvc.controller.user.LoginController: User a made login
(2026-01-07 21:34:26)	[INFO] class mvc.controller.user.LoginController: User a made login
(2026-01-07 21:34:34)	[INFO] class command.modify.screen.ModifyCollectionCommand: Inyectando datos para modificar la coleccion Mandela Catalogue
(2026-01-07 21:34:58)	[ERROR] class mvc.controller.add.AddItemController: attempted to create already existent
(2026-01-07 21:37:44)	[INFO] mvc.controller.user.SignUpController: 6
(2026-01-07 21:37:45)	[INFO] class mvc.controller.user.SignUpController: User 6 signed up successfully
(2026-01-07 21:37:48)	[INFO] class mvc.controller.user.LoginController: User 6 made login
(2026-01-07 21:38:01)	[INFO] class mvc.controller.add.AddCollectionController: Collection with name 123 has been created
(2026-01-07 21:38:10)	[INFO] class mvc.controller.show.ShowAccountsController: An admin deleted account with name 14
(2026-01-07 21:38:15)	[INFO] class mvc.controller.user.PrivateController: Deleted account with name 6 successfully
(2026-01-07 21:38:20)	[INFO] class mvc.controller.user.LoginController: User 1 made login
(2026-01-07 21:38:27)	[INFO] class mvc.controller.add.AddCollectionController: Collection with name 67 has been created
(2026-01-07 21:38:44)	[INFO] class command.modify.screen.ModifyCollectionCommand: Inyectando datos para modificar la coleccion 67
(2026-01-07 21:39:47)	[ERROR] class mvc.controller.user.LoginController: No account regarding user 67
(2026-01-07 21:39:51)	[INFO] class mvc.controller.user.LoginController: User 1 made login
(2026-01-07 21:40:20)	[INFO] class command.modify.screen.ModifyCollectionCommand: Inyectando datos para modificar la coleccion 67
(2026-01-07 21:40:45)	[ERROR] class mvc.controller.add.AddItemController: attempted to create already existent
(2026-01-07 21:41:08)	[INFO] class mvc.controller.user.LoginController: User 1 made login
(2026-01-07 21:41:10)	[INFO] class command.modify.screen.ModifyCollectionCommand: Inyectando datos para modificar la coleccion 67
(2026-01-07 21:36:20)	[INFO] class mvc.controller.user.LoginController: User a made login
(2026-01-07 21:36:26)	[INFO] class mvc.controller.add.AddCollectionController: Collection with name asdasdzsxCF has been created
(2026-01-07 21:36:31)	[INFO] class mvc.controller.show.entry.data.ShowCollectionDataController: Deleted collection with name <zzx successfully
(2026-01-07 21:36:33)	[INFO] class mvc.controller.show.entry.data.ShowCollectionDataController: Deleted collection with name asdasdzsxCF successfully
(2026-01-07 21:40:26)	[INFO] class mvc.controller.user.LoginController: User a made login
(2026-01-07 21:40:35)	[INFO] class command.modify.screen.ModifyCollectionCommand: Inyectando datos para modificar la coleccion Mandela Catalogue
(2026-01-07 21:41:01)	[ERROR] class mvc.controller.add.AddItemController: attempted to create already existent
(2026-01-07 21:47:43)	[INFO] class mvc.controller.user.LoginController: User a made login
(2026-01-07 21:47:49)	[INFO] class command.modify.screen.ModifyCollectionCommand: Inyectando datos para modificar la coleccion Mandela Catalogue
(2026-01-07 21:52:07)	[INFO] class mvc.controller.user.LoginController: User a made login
(2026-01-07 21:52:22)	[INFO] class command.modify.screen.ModifyCollectionCommand: Inyectando datos para modificar la coleccion Mandela Catalogue
(2026-01-07 21:54:03)	[INFO] class mvc.controller.user.LoginController: User a made login
(2026-01-07 21:54:42)	[INFO] class command.modify.screen.ModifyCollectionCommand: Inyectando datos para modificar la coleccion 
(2026-01-07 21:56:13)	[INFO] class mvc.controller.user.LoginController: User a made login
(2026-01-07 21:56:18)	[INFO] class command.modify.screen.ModifyCollectionCommand: Inyectando datos para modificar la coleccion Huevo Mandela
(2026-01-07 21:57:21)	[INFO] class mvc.controller.user.LoginController: User a made login
(2026-01-07 21:57:24)	[INFO] class command.modify.screen.ModifyCollectionCommand: Inyectando datos para modificar la coleccion Huego Gemini
(2026-01-07 22:03:11)	[INFO] class mvc.controller.user.LoginController: User a made login
(2026-01-07 22:03:15)	[INFO] class command.modify.screen.ModifyCollectionCommand: Inyectando datos para modificar la coleccion Huevo Mandela
(2026-01-07 22:03:25)	[INFO] class command.modify.screen.ModifyCollectionCommand: Inyectando datos para modificar la coleccion Huevo Intruder
(2026-01-07 22:03:38)	[INFO] class command.modify.screen.ModifyCollectionCommand: Inyectando datos para modificar la coleccion Huevo Intruder
(2026-01-07 22:04:06)	[INFO] class command.modify.screen.ModifyCollectionCommand: Inyectando datos para modificar la coleccion Huevo Intruder
(2026-01-07 22:04:13)	[ERROR] class mvc.controller.add.AddItemController: attempted to create already existent
(2026-01-07 22:06:08)	[INFO] class mvc.controller.user.LoginController: User a made login
(2026-01-07 22:06:13)	[INFO] class command.modify.screen.ModifyCollectionCommand: Inyectando datos para modificar la coleccion Huevo Intruder
(2026-01-07 22:48:12)	[INFO] class mvc.controller.user.LoginController: User a made login
(2026-01-07 22:48:18)	[INFO] class command.modify.screen.ModifyCollectionCommand: Inyectando datos para modificar la coleccion Huevo Intruder
(2026-01-07 22:48:29)	[INFO] class command.modify.screen.ModifyCollectionCommand: Inyectando datos para modificar la coleccion 
(2026-01-07 22:51:09)	[INFO] class mvc.controller.user.LoginController: User a made login
(2026-01-07 22:51:16)	[INFO] class command.modify.screen.ModifyCollectionCommand: Inyectando datos para modificar la coleccion 
(2026-01-07 22:51:29)	[INFO] class command.modify.screen.ModifyCollectionCommand: Inyectando datos para modificar la coleccion jopertiop
(2026-01-07 22:54:35)	[INFO] class mvc.controller.user.LoginController: User a made login
(2026-01-07 22:54:39)	[INFO] class command.modify.screen.ModifyCollectionCommand: Inyectando datos para modificar la coleccion jopertiop
(2026-01-07 22:54:44)	[INFO] class command.modify.screen.ModifyCollectionCommand: Inyectando datos para modificar la coleccion 
(2026-01-07 23:11:14)	[INFO] class mvc.controller.user.LoginController: User a made login
(2026-01-07 23:11:18)	[INFO] class command.modify.screen.ModifyCollectionCommand: Inyectando datos para modificar la coleccion 
(2026-01-07 23:11:24)	[INFO] class command.modify.screen.ModifyCollectionCommand: Inyectando datos para modificar la coleccion sas
(2026-01-07 23:11:28)	[INFO] class command.modify.screen.ModifyCollectionCommand: Inyectando datos para modificar la coleccion sas
(2026-01-07 23:11:55)	[INFO] class command.modify.screen.ModifyCollectionCommand: Inyectando datos para modificar la coleccion sas
(2026-01-07 23:11:59)	[INFO] class command.modify.screen.ModifyCollectionCommand: Inyectando datos para modificar la coleccion sas
(2026-01-07 23:12:04)	[INFO] class command.modify.screen.ModifyCollectionCommand: Inyectando datos para modificar la coleccion sas
(2026-01-07 23:13:27)	[INFO] class mvc.controller.user.LoginController: User a made login
(2026-01-07 23:13:31)	[INFO] class command.modify.screen.ModifyCollectionCommand: Inyectando datos para modificar la coleccion sas
(2026-01-07 23:13:36)	[INFO] class command.modify.screen.ModifyCollectionCommand: Inyectando datos para modificar la coleccion 
(2026-01-07 23:15:09)	[INFO] class mvc.controller.user.LoginController: User a made login
(2026-01-07 23:15:12)	[INFO] class command.modify.screen.ModifyCollectionCommand: Inyectando datos para modificar la coleccion 
(2026-01-07 23:15:16)	[INFO] class command.modify.screen.ModifyCollectionCommand: Inyectando datos para modificar la coleccion 
(2026-01-07 23:15:23)	[INFO] class command.modify.screen.ModifyCollectionCommand: Inyectando datos para modificar la coleccion asasd
(2026-01-07 23:23:38)	[INFO] class mvc.controller.user.LoginController: User a made login
(2026-01-07 23:23:50)	[INFO] class command.modify.screen.ModifyCollectionCommand: Inyectando datos para modificar la coleccion asasd
(2026-01-07 23:23:58)	[INFO] class command.modify.screen.ModifyCollectionCommand: Inyectando datos para modificar la coleccion Hola
(2026-01-07 23:26:36)	[INFO] class mvc.controller.user.LoginController: User a made login
(2026-01-07 23:26:43)	[INFO] class command.modify.screen.ModifyCollectionCommand: Inyectando datos para modificar la coleccion 
(2026-01-07 23:26:54)	[INFO] class command.modify.screen.ModifyCollectionCommand: Inyectando datos para modificar la coleccion hola
(2026-01-07 23:27:39)	[INFO] class mvc.controller.user.LoginController: User a made login
(2026-01-07 23:27:43)	[INFO] class command.modify.screen.ModifyCollectionCommand: Inyectando datos para modificar la coleccion hola
(2026-01-07 23:28:03)	[INFO] class command.modify.screen.ModifyCollectionCommand: Inyectando datos para modificar la coleccion 
(2026-01-07 23:29:42)	[INFO] class mvc.controller.user.LoginController: User a made login
(2026-01-07 23:29:46)	[INFO] class command.modify.screen.ModifyCollectionCommand: Inyectando datos para modificar la coleccion 
(2026-01-07 23:29:55)	[INFO] class command.modify.screen.ModifyCollectionCommand: Inyectando datos para modificar la coleccion asdasdsa
(2026-01-07 23:30:08)	[INFO] class command.modify.screen.ModifyCollectionCommand: Inyectando datos para modificar la coleccion asdasdsa
(2026-01-07 23:34:44)	[INFO] class mvc.controller.user.LoginController: User 1 made login
(2026-01-07 23:34:47)	[INFO] class command.modify.screen.ModifyCollectionCommand: Inyectando datos para modificar la coleccion 67
<<<<<<< HEAD
(2026-01-10 20:33:35)	[INFO] class mvc.controller.user.LoginController: User a made login
(2026-01-10 20:33:38)	[INFO] class command.modify.screen.ModifyCollectionCommand: Inyectando datos para modificar la coleccion Gutsegg
=======
(2026-01-07 23:37:31)	[INFO] class mvc.controller.user.LoginController: User 1 made login
(2026-01-07 23:37:33)	[INFO] class command.modify.screen.ModifyCollectionCommand: Inyectando datos para modificar la coleccion qwer
(2026-01-07 23:38:58)	[INFO] class mvc.controller.user.LoginController: User 1 made login
(2026-01-07 23:39:00)	[INFO] class command.modify.screen.ModifyCollectionCommand: Inyectando datos para modificar la coleccion reqwre
(2026-01-07 23:39:09)	[INFO] class mvc.controller.add.AddCollectionController: Collection with name ewqeqw has been created
(2026-01-07 23:39:14)	[INFO] mvc.controller.user.SignUpController: 1
(2026-01-07 23:39:14)	[INFO] class mvc.controller.user.SignUpController: User ewqeq signed up successfully
(2026-01-07 23:39:17)	[INFO] class mvc.controller.user.LoginController: User 1 made login
(2026-01-07 23:39:25)	[INFO] mvc.controller.user.SignUpController: 3
(2026-01-07 23:39:25)	[INFO] class mvc.controller.user.SignUpController: User 3 signed up successfully
(2026-01-07 23:39:27)	[INFO] class mvc.controller.user.LoginController: User 1 made login
(2026-01-07 23:39:34)	[INFO] class mvc.controller.user.LoginController: User 3 made login
(2026-01-07 23:39:38)	[INFO] class mvc.controller.user.PrivateController: Deleted account with name 3 successfully
(2026-01-10 21:44:20)	[INFO] class mvc.controller.user.LoginController: User 1 made login
(2026-01-10 21:44:23)	[INFO] class command.modify.screen.ModifyCollectionCommand: Inyectando datos para modificar la coleccion rewsrwe
(2026-01-10 21:44:26)	[INFO] class command.modify.screen.ModifyCollectionCommand: Inyectando datos para modificar la coleccion 123
(2026-01-10 21:44:28)	[INFO] class command.modify.screen.ModifyCollectionCommand: Inyectando datos para modificar la coleccion 123
>>>>>>> 5959ce4d242046a2eb084680d5721b600735743b
(2026-01-10 21:49:22)	[INFO] class mvc.controller.user.LoginController: User a made login
(2026-01-10 21:52:57)	[INFO] class mvc.controller.user.LoginController: User a made login
(2026-01-10 21:53:02)	[INFO] class command.modify.screen.ModifyCollectionCommand: Inyectando datos para modificar la coleccion Gutsegg
(2026-01-10 21:53:38)	[INFO] class mvc.controller.user.LoginController: User a made login
(2026-01-10 21:57:07)	[ERROR] class mvc.controller.user.LoginController: No account regarding user a
(2026-01-10 21:57:11)	[INFO] mvc.controller.user.SignUpController: a
(2026-01-10 21:57:12)	[INFO] class mvc.controller.user.SignUpController: User a signed up successfully
(2026-01-10 21:57:15)	[INFO] class mvc.controller.user.LoginController: User a made login
(2026-01-10 21:57:26)	[INFO] class mvc.controller.add.AddCollectionController: Collection with name sus has been created
(2026-01-10 21:57:46)	[INFO] class mvc.controller.user.LoginController: User a made login
(2026-01-10 21:57:52)	[INFO] class mvc.controller.add.AddItemController: An Item named sas has been created
(2026-01-10 21:58:03)	[INFO] class mvc.controller.add.AddRecipeController: A recipe named sius has been created
(2026-01-10 21:58:08)	[INFO] class command.modify.screen.ModifyCollectionCommand: Inyectando datos para modificar la coleccion sus
(2026-01-10 22:05:58)	[INFO] class mvc.controller.user.LoginController: User a made login
(2026-01-10 22:10:48)	[INFO] class mvc.controller.user.LoginController: User a made login
(2026-01-10 22:22:03)	[INFO] class mvc.controller.user.LoginController: User a made login
(2026-01-10 22:23:18)	[INFO] class mvc.controller.user.LoginController: User a made login
(2026-01-10 22:33:58)	[INFO] class mvc.controller.user.LoginController: User a made login
(2026-01-10 22:36:16)	[INFO] class mvc.controller.show.entry.data.ShowItemDataController: Navigating to MODIFY_ITEM screen
(2026-01-10 22:39:26)	[INFO] class mvc.controller.user.LoginController: User a made login
(2026-01-10 22:39:34)	[INFO] class mvc.controller.show.entry.data.ShowItemDataController: Navigating to MODIFY_ITEM screen
(2026-01-10 22:47:59)	[INFO] class mvc.controller.user.LoginController: User a made login
(2026-01-10 22:48:09)	[INFO] class mvc.controller.show.entry.data.ShowItemDataController: Navigating to MODIFY_ITEM screen
(2026-01-10 22:48:43)	[INFO] class mvc.controller.user.LoginController: User a made login
(2026-01-10 22:48:45)	[INFO] class command.modify.screen.ModifyCollectionCommand: Inyectando datos para modificar la coleccion lel
(2026-01-10 22:50:56)	[INFO] class mvc.controller.user.LoginController: User a made login
(2026-01-10 22:51:02)	[INFO] class command.modify.screen.ModifyCollectionCommand: Inyectando datos para modificar la coleccion lel
(2026-01-10 22:51:02)	[INFO] class mvc.view.modify.CollectionModifyView: Modificando vista con DTO: dataTransportLayer.CollectionDTO@1de839de
(2026-01-10 22:51:37)	[INFO] class mvc.controller.show.entry.data.ShowItemDataController: Navigating to MODIFY_ITEM screen
(2026-01-10 22:57:11)	[INFO] class mvc.controller.user.LoginController: User a made login
(2026-01-10 22:57:18)	[INFO] class mvc.controller.show.entry.data.ShowItemDataController: Navigating to MODIFY_ITEM screen
(2026-01-10 22:57:18)	[INFO] class command.modify.screen.ModifyItemCommand: Inyectando datos para modificar la item sas
(2026-01-10 22:57:18)	[INFO] class mvc.view.modify.ItemModifyView: Modificando vista con DTO: dataTransportLayer.ItemDTO@52d25fd2
(2026-01-10 22:57:18)	[INFO] class mvc.view.modify.ItemModifyView: Modificando vista de Item con DTO: dataTransportLayer.ItemDTO@52d25fd2
(2026-01-10 23:02:52)	[INFO] class mvc.controller.user.LoginController: User a made login
(2026-01-10 23:03:01)	[INFO] class mvc.controller.show.entry.data.ShowItemDataController: Navigating to MODIFY_ITEM screen
(2026-01-10 23:03:01)	[INFO] class command.modify.screen.ModifyItemCommand: Inyectando datos para modificar la item carlitos
(2026-01-10 23:03:01)	[INFO] class mvc.view.modify.ItemModifyView: Modificando vista con DTO: dataTransportLayer.ItemDTO@6b665ac7
(2026-01-10 23:03:01)	[INFO] class mvc.view.modify.ItemModifyView: Modificando vista de Item con DTO: dataTransportLayer.ItemDTO@6b665ac7
(2026-01-10 23:05:06)	[INFO] class mvc.controller.modify.ItemModifyController: Composing DTO from view data with dataTransportLayer.ItemDTO@6b665ac7
(2026-01-10 23:07:05)	[INFO] class mvc.controller.modify.ItemModifyController: Composing DTO from view data with dataTransportLayer.ItemDTO@6b665ac7
(2026-01-10 23:10:01)	[INFO] class mvc.controller.modify.ItemModifyController: Composing DTO from view data with dataTransportLayer.ItemDTO@6b665ac7
(2026-01-10 23:22:14)	[INFO] class mvc.controller.user.LoginController: User a made login
(2026-01-10 23:22:25)	[INFO] class mvc.controller.show.entry.data.ShowItemDataController: Navigating to MODIFY_ITEM screen
(2026-01-10 23:22:25)	[INFO] class command.modify.screen.ModifyItemCommand: Inyectando datos para modificar la item lelsos
(2026-01-10 23:22:25)	[INFO] class mvc.view.modify.ItemModifyView: Modificando vista con DTO: dataTransportLayer.ItemDTO@170c9af8
(2026-01-10 23:22:25)	[INFO] class mvc.view.modify.ItemModifyView: Modificando vista de Item con DTO: dataTransportLayer.ItemDTO@170c9af8
(2026-01-10 23:22:34)	[INFO] class mvc.controller.modify.ItemModifyController: Composing DTO from view data with dataTransportLayer.ItemDTO@170c9af8
(2026-01-10 23:24:09)	[INFO] class mvc.controller.modify.ItemModifyController: Composing DTO from view data with dataTransportLayer.ItemDTO@170c9af8
(2026-01-10 23:25:18)	[INFO] class mvc.controller.user.LoginController: User a made login
(2026-01-10 23:25:25)	[INFO] class mvc.controller.show.entry.data.ShowItemDataController: Navigating to MODIFY_ITEM screen
(2026-01-10 23:25:25)	[INFO] class command.modify.screen.ModifyItemCommand: Inyectando datos para modificar la item carlos
(2026-01-10 23:25:25)	[INFO] class mvc.view.modify.ItemModifyView: Modificando vista con DTO: dataTransportLayer.ItemDTO@7ead468e
(2026-01-10 23:25:25)	[INFO] class mvc.view.modify.ItemModifyView: Modificando vista de Item con DTO: dataTransportLayer.ItemDTO@7ead468e
(2026-01-10 23:25:29)	[INFO] class mvc.controller.modify.ItemModifyController: Composing DTO from view data with dataTransportLayer.ItemDTO@7ead468e
(2026-01-10 23:29:10)	[INFO] class mvc.controller.user.LoginController: User a made login
(2026-01-10 23:29:13)	[INFO] class mvc.controller.show.entry.data.ShowItemDataController: Navigating to MODIFY_ITEM screen
(2026-01-10 23:29:13)	[INFO] class command.modify.screen.ModifyItemCommand: Inyectando datos para modificar la item sas223
(2026-01-10 23:29:13)	[INFO] class mvc.view.modify.ItemModifyView: Modificando vista con DTO: dataTransportLayer.ItemDTO@7ead468e
(2026-01-10 23:29:13)	[INFO] class mvc.view.modify.ItemModifyView: Modificando vista de Item con DTO: dataTransportLayer.ItemDTO@7ead468e
(2026-01-10 23:29:18)	[INFO] class mvc.controller.modify.ItemModifyController: Composing DTO from view data with dataTransportLayer.ItemDTO@7ead468e
(2026-01-10 23:29:19)	[INFO] class mvc.controller.modify.ItemModifyController: Composing DTO from view data with dataTransportLayer.ItemDTO@7ead468e
(2026-01-10 23:30:03)	[INFO] class mvc.controller.user.LoginController: User a made login
(2026-01-10 23:30:11)	[INFO] class mvc.controller.show.entry.data.ShowItemDataController: Navigating to MODIFY_ITEM screen
(2026-01-10 23:30:11)	[INFO] class command.modify.screen.ModifyItemCommand: Inyectando datos para modificar la item 
(2026-01-10 23:30:11)	[INFO] class mvc.view.modify.ItemModifyView: Modificando vista con DTO: dataTransportLayer.ItemDTO@77dbe29d
(2026-01-10 23:30:11)	[INFO] class mvc.view.modify.ItemModifyView: Modificando vista de Item con DTO: dataTransportLayer.ItemDTO@77dbe29d
(2026-01-10 23:30:13)	[INFO] class mvc.controller.modify.ItemModifyController: Composing DTO from view data with dataTransportLayer.ItemDTO@77dbe29d
(2026-01-10 23:32:21)	[INFO] class mvc.controller.user.LoginController: User a made login
(2026-01-10 23:32:25)	[INFO] class mvc.controller.show.entry.data.ShowItemDataController: Navigating to MODIFY_ITEM screen
(2026-01-10 23:32:25)	[INFO] class command.modify.screen.ModifyItemCommand: Inyectando datos para modificar la item asas
(2026-01-10 23:32:25)	[INFO] class mvc.view.modify.ItemModifyView: Modificando vista con DTO: dataTransportLayer.ItemDTO@15057ad6
(2026-01-10 23:32:25)	[INFO] class mvc.view.modify.ItemModifyView: Modificando vista de Item con DTO: dataTransportLayer.ItemDTO@15057ad6
(2026-01-10 23:32:28)	[INFO] class mvc.controller.modify.ItemModifyController: Composing DTO from view data with dataTransportLayer.ItemDTO@15057ad6asas
(2026-01-10 23:33:39)	[INFO] class mvc.controller.user.LoginController: User a made login
(2026-01-10 23:33:45)	[INFO] class mvc.controller.show.entry.data.ShowItemDataController: Navigating to MODIFY_ITEM screen
(2026-01-10 23:33:45)	[INFO] class command.modify.screen.ModifyItemCommand: Inyectando datos para modificar la item 
(2026-01-10 23:33:45)	[INFO] class mvc.view.modify.ItemModifyView: Modificando vista con DTO: dataTransportLayer.ItemDTO@68b3f3fa
(2026-01-10 23:33:45)	[INFO] class mvc.view.modify.ItemModifyView: Modificando vista de Item con DTO: dataTransportLayer.ItemDTO@68b3f3fa
(2026-01-10 23:35:05)	[INFO] class mvc.controller.user.LoginController: User a made login
(2026-01-10 23:35:07)	[INFO] class command.modify.screen.ModifyCollectionCommand: Inyectando datos para modificar la coleccion sauce gay
(2026-01-10 23:35:07)	[INFO] class mvc.view.modify.CollectionModifyView: Modificando vista con DTO: dataTransportLayer.CollectionDTO@4ee0940e
(2026-01-10 23:35:28)	[INFO] class mvc.controller.show.entry.data.ShowItemDataController: Navigating to MODIFY_ITEM screen
(2026-01-10 23:35:28)	[INFO] class command.modify.screen.ModifyItemCommand: Inyectando datos para modificar la item a
(2026-01-10 23:35:28)	[INFO] class mvc.view.modify.ItemModifyView: Modificando vista con DTO: dataTransportLayer.ItemDTO@d24acf6
(2026-01-10 23:35:28)	[INFO] class mvc.view.modify.ItemModifyView: Modificando vista de Item con DTO: dataTransportLayer.ItemDTO@d24acf6
(2026-01-10 23:36:28)	[INFO] class mvc.controller.user.LoginController: User a made login
(2026-01-10 23:36:32)	[INFO] class mvc.controller.show.entry.data.ShowItemDataController: Navigating to MODIFY_ITEM screen
(2026-01-10 23:36:32)	[INFO] class command.modify.screen.ModifyItemCommand: Inyectando datos para modificar la item sas
(2026-01-10 23:36:32)	[INFO] class mvc.view.modify.ItemModifyView: Modificando vista con DTO: dataTransportLayer.ItemDTO@68b3f3fa
(2026-01-10 23:36:32)	[INFO] class mvc.view.modify.ItemModifyView: Modificando vista de Item con DTO: dataTransportLayer.ItemDTO@68b3f3fa
(2026-01-10 23:44:49)	[INFO] class mvc.controller.user.LoginController: User a made login
(2026-01-10 23:44:53)	[INFO] class mvc.controller.show.entry.data.ShowItemDataController: Navigating to MODIFY_ITEM screen
(2026-01-10 23:44:53)	[INFO] class command.modify.screen.ModifyItemCommand: Inyectando datos para modificar la item carlits
(2026-01-10 23:44:53)	[INFO] class mvc.view.modify.ItemModifyView: Modificando vista con DTO: dataTransportLayer.ItemDTO@46c1714
(2026-01-10 23:44:53)	[INFO] class mvc.view.modify.ItemModifyView: Modificando vista de Item con DTO: dataTransportLayer.ItemDTO@46c1714
(2026-01-10 23:47:47)	[INFO] class mvc.controller.user.LoginController: User a made login
(2026-01-10 23:47:52)	[INFO] class mvc.controller.show.entry.data.ShowItemDataController: Navigating to MODIFY_ITEM screen
(2026-01-10 23:47:52)	[INFO] class command.modify.screen.ModifyItemCommand: Inyectando datos para modificar la item sssss
(2026-01-10 23:47:52)	[INFO] class mvc.view.modify.ItemModifyView: Modificando vista con DTO: dataTransportLayer.ItemDTO@70dedee5
(2026-01-10 23:47:52)	[INFO] class mvc.view.modify.ItemModifyView: Modificando vista de Item con DTO: dataTransportLayer.ItemDTO@70dedee5
(2026-01-10 23:48:56)	[INFO] class mvc.controller.user.LoginController: User a made login
(2026-01-10 23:49:05)	[INFO] class mvc.controller.show.entry.data.ShowItemDataController: Navigating to MODIFY_ITEM screen
(2026-01-10 23:49:05)	[INFO] class command.modify.screen.ModifyItemCommand: Inyectando datos para modificar la item ajajaja
(2026-01-10 23:49:05)	[INFO] class mvc.view.modify.ItemModifyView: Modificando vista con DTO: dataTransportLayer.ItemDTO@37acab9c
(2026-01-10 23:49:05)	[INFO] class mvc.view.modify.ItemModifyView: Modificando vista de Item con DTO: dataTransportLayer.ItemDTO@37acab9c
(2026-01-10 23:50:55)	[INFO] class mvc.controller.user.LoginController: User a made login
(2026-01-10 23:51:00)	[INFO] class mvc.controller.show.entry.data.ShowItemDataController: Navigating to MODIFY_ITEM screen
(2026-01-10 23:51:00)	[INFO] class command.modify.screen.ModifyItemCommand: Inyectando datos para modificar la item adddd
(2026-01-10 23:51:00)	[INFO] class mvc.view.modify.ItemModifyView: Modificando vista con DTO: dataTransportLayer.ItemDTO@22cd7944
(2026-01-10 23:51:00)	[INFO] class mvc.view.modify.ItemModifyView: Modificando vista de Item con DTO: dataTransportLayer.ItemDTO@22cd7944
(2026-01-11 00:00:08)	[INFO] class mvc.controller.user.LoginController: User a made login
(2026-01-11 00:00:13)	[INFO] class mvc.controller.show.entry.data.ShowItemDataController: Navigating to MODIFY_ITEM screen
(2026-01-11 00:00:13)	[INFO] class command.modify.screen.ModifyItemCommand: Inyectando datos para modificar la item Carlos
(2026-01-11 00:00:13)	[INFO] class mvc.view.modify.ItemModifyView: Modificando vista con DTO: dataTransportLayer.ItemDTO@46c1714
(2026-01-11 00:00:13)	[INFO] class mvc.view.modify.ItemModifyView: Modificando vista de Item con DTO: dataTransportLayer.ItemDTO@46c1714
(2026-01-11 00:03:41)	[INFO] class mvc.controller.user.LoginController: User a made login
(2026-01-11 00:03:45)	[INFO] class mvc.controller.show.entry.data.ShowItemDataController: Navigating to MODIFY_ITEM screen
(2026-01-11 00:03:45)	[INFO] class command.modify.screen.ModifyItemCommand: Inyectando datos para modificar la item Carlitos
(2026-01-11 00:03:45)	[INFO] class mvc.view.modify.ItemModifyView: Modificando vista con DTO: dataTransportLayer.ItemDTO@15057ad6
(2026-01-11 00:03:45)	[INFO] class mvc.view.modify.ItemModifyView: Modificando vista de Item con DTO: dataTransportLayer.ItemDTO@15057ad6
(2026-01-11 00:05:18)	[INFO] class mvc.controller.add.AddItemController: An Item named Sass454 has been created
(2026-01-11 00:05:24)	[INFO] class mvc.controller.show.entry.data.ShowItemDataController: Navigating to MODIFY_ITEM screen
(2026-01-11 00:05:24)	[INFO] class command.modify.screen.ModifyItemCommand: Inyectando datos para modificar la item Sass454
(2026-01-11 00:05:24)	[INFO] class mvc.view.modify.ItemModifyView: Modificando vista con DTO: dataTransportLayer.ItemDTO@40ad2619
(2026-01-11 00:05:24)	[INFO] class mvc.view.modify.ItemModifyView: Modificando vista de Item con DTO: dataTransportLayer.ItemDTO@40ad2619
(2026-01-11 00:12:27)	[INFO] class mvc.controller.user.LoginController: User a made login
(2026-01-11 00:12:37)	[INFO] class mvc.controller.add.AddItemController: An Item named asdasdasd has been created
(2026-01-11 00:12:40)	[INFO] class mvc.controller.show.entry.data.ShowItemDataController: Navigating to MODIFY_ITEM screen
(2026-01-11 00:12:40)	[INFO] class command.modify.screen.ModifyItemCommand: Inyectando datos para modificar la item asdasdasd
(2026-01-11 00:12:40)	[INFO] class mvc.view.modify.ItemModifyView: Modificando vista con DTO: dataTransportLayer.ItemDTO@12fa3d60
(2026-01-11 00:12:40)	[INFO] class mvc.view.modify.ItemModifyView: Modificando vista de Item con DTO: dataTransportLayer.ItemDTO@12fa3d60
(2026-01-11 00:12:56)	[INFO] class mvc.controller.show.entry.data.ShowItemDataController: Navigating to MODIFY_ITEM screen
(2026-01-11 00:12:56)	[INFO] class command.modify.screen.ModifyItemCommand: Inyectando datos para modificar la item 
(2026-01-11 00:12:56)	[INFO] class mvc.view.modify.ItemModifyView: Modificando vista con DTO: dataTransportLayer.ItemDTO@74fded2
(2026-01-11 00:12:56)	[INFO] class mvc.view.modify.ItemModifyView: Modificando vista de Item con DTO: dataTransportLayer.ItemDTO@74fded2
(2026-01-11 00:13:05)	[ERROR] class mvc.controller.add.AddItemController: attempted to create already existent
(2026-01-11 00:13:09)	[INFO] class mvc.controller.add.AddItemController: An Item named asdasdasdssssss has been created
(2026-01-11 00:13:12)	[INFO] class mvc.controller.show.entry.data.ShowItemDataController: Navigating to MODIFY_ITEM screen
(2026-01-11 00:13:12)	[INFO] class command.modify.screen.ModifyItemCommand: Inyectando datos para modificar la item asdasdasdssssss
(2026-01-11 00:13:12)	[INFO] class mvc.view.modify.ItemModifyView: Modificando vista con DTO: dataTransportLayer.ItemDTO@23717d42
(2026-01-11 00:13:12)	[INFO] class mvc.view.modify.ItemModifyView: Modificando vista de Item con DTO: dataTransportLayer.ItemDTO@23717d42
(2026-01-11 00:13:34)	[INFO] class mvc.controller.show.entry.data.ShowItemDataController: Navigating to MODIFY_ITEM screen
(2026-01-11 00:13:34)	[INFO] class command.modify.screen.ModifyItemCommand: Inyectando datos para modificar la item 
(2026-01-11 00:13:34)	[INFO] class mvc.view.modify.ItemModifyView: Modificando vista con DTO: dataTransportLayer.ItemDTO@21fcecf
(2026-01-11 00:13:34)	[INFO] class mvc.view.modify.ItemModifyView: Modificando vista de Item con DTO: dataTransportLayer.ItemDTO@21fcecf
(2026-01-11 00:15:33)	[INFO] class mvc.controller.user.LoginController: User a made login
(2026-01-11 00:15:58)	[INFO] class mvc.controller.add.AddItemController: An Item named asdasdasd234213523 has been created
(2026-01-11 00:16:03)	[INFO] class mvc.controller.show.entry.data.ShowItemDataController: Navigating to MODIFY_ITEM screen
(2026-01-11 00:16:03)	[INFO] class command.modify.screen.ModifyItemCommand: Inyectando datos para modificar la item asdasdasd234213523
(2026-01-11 00:16:03)	[INFO] class mvc.view.modify.ItemModifyView: Modificando vista con DTO: dataTransportLayer.ItemDTO@1ee3b8f8
(2026-01-11 00:16:03)	[INFO] class mvc.view.modify.ItemModifyView: Modificando vista de Item con DTO: dataTransportLayer.ItemDTO@1ee3b8f8
(2026-01-11 00:18:58)	[INFO] class mvc.controller.user.LoginController: User a made login
(2026-01-11 00:19:13)	[INFO] class mvc.controller.add.AddItemController: An Item named asdasd35423yt3ew has been created
(2026-01-11 00:19:15)	[INFO] class mvc.controller.show.entry.data.ShowItemDataController: Navigating to MODIFY_ITEM screen
(2026-01-11 00:19:15)	[INFO] class command.modify.screen.ModifyItemCommand: Inyectando datos para modificar la item asdasd35423yt3ew
(2026-01-11 00:19:15)	[INFO] class mvc.view.modify.ItemModifyView: Modificando vista con DTO: dataTransportLayer.ItemDTO@781ef7fc
(2026-01-11 00:19:15)	[INFO] class mvc.view.modify.ItemModifyView: Modificando vista de Item con DTO: dataTransportLayer.ItemDTO@781ef7fc
(2026-01-11 00:20:28)	[INFO] class mvc.controller.user.LoginController: User a made login
(2026-01-11 00:20:34)	[INFO] class mvc.controller.show.entry.data.ShowItemDataController: Navigating to MODIFY_ITEM screen
(2026-01-11 00:20:34)	[INFO] class command.modify.screen.ModifyItemCommand: Inyectando datos para modificar la item asdasd35423yt3ew
(2026-01-11 00:20:34)	[INFO] class mvc.view.modify.ItemModifyView: Modificando vista con DTO: dataTransportLayer.ItemDTO@7edc398d
(2026-01-11 00:20:34)	[INFO] class mvc.view.modify.ItemModifyView: Modificando vista de Item con DTO: dataTransportLayer.ItemDTO@7edc398d
(2026-01-11 00:22:31)	[INFO] class mvc.controller.user.LoginController: User a made login
(2026-01-11 00:22:36)	[INFO] class mvc.controller.show.entry.data.ShowItemDataController: Navigating to MODIFY_ITEM screen
(2026-01-11 00:22:36)	[INFO] class command.modify.screen.ModifyItemCommand: Inyectando datos para modificar la item asdasd35423yt3ew
(2026-01-11 00:22:36)	[INFO] class mvc.view.modify.ItemModifyView: Modificando vista con DTO: dataTransportLayer.ItemDTO@50132c51
(2026-01-11 00:22:36)	[INFO] class mvc.view.modify.ItemModifyView: Modificando vista de Item con DTO: dataTransportLayer.ItemDTO@50132c51
(2026-01-11 00:22:39)	[INFO] class mvc.controller.show.entry.data.ShowItemDataController: Navigating to MODIFY_ITEM screen
(2026-01-11 00:22:39)	[INFO] class command.modify.screen.ModifyItemCommand: Inyectando datos para modificar la item asdasd35423yt3ew
(2026-01-11 00:22:39)	[INFO] class mvc.view.modify.ItemModifyView: Modificando vista con DTO: dataTransportLayer.ItemDTO@5ad1699
(2026-01-11 00:22:39)	[INFO] class mvc.view.modify.ItemModifyView: Modificando vista de Item con DTO: dataTransportLayer.ItemDTO@5ad1699
(2026-01-11 00:29:27)	[INFO] class mvc.controller.user.LoginController: User a made login
(2026-01-11 00:29:31)	[INFO] class mvc.controller.show.entry.data.ShowItemDataController: Navigating to MODIFY_ITEM screen
(2026-01-11 00:29:31)	[INFO] class command.modify.screen.ModifyItemCommand: Inyectando datos para modificar la item asdasd35423yt3ew
(2026-01-11 00:29:31)	[INFO] class mvc.view.modify.ItemModifyView: Modificando vista con DTO: dataTransportLayer.ItemDTO@7d528014
(2026-01-11 00:29:31)	[INFO] class mvc.view.modify.ItemModifyView: Modificando vista de Item con DTO: dataTransportLayer.ItemDTO@7d528014
(2026-01-11 00:41:36)	[INFO] class mvc.controller.show.entry.data.ShowItemDataController: Navigating to MODIFY_ITEM screen
(2026-01-11 00:41:36)	[INFO] class command.modify.screen.ModifyItemCommand: Inyectando datos para modificar la item Carlitos
(2026-01-11 00:41:36)	[INFO] class mvc.view.modify.ItemModifyView: Modificando vista con DTO: dataTransportLayer.ItemDTO@2d9aff7d
(2026-01-11 00:41:36)	[INFO] class mvc.view.modify.ItemModifyView: Modificando vista de Item con DTO: dataTransportLayer.ItemDTO@2d9aff7d
(2026-01-11 00:42:00)	[INFO] class command.modify.screen.ModifyCollectionCommand: Inyectando datos para modificar la coleccion sauce gay
(2026-01-11 00:42:00)	[INFO] class mvc.view.modify.CollectionModifyView: Modificando vista con DTO: dataTransportLayer.CollectionDTO@646c0c9b
(2026-01-11 00:45:30)	[INFO] class mvc.controller.user.LoginController: User a made login
(2026-01-11 00:54:31)	[INFO] class mvc.controller.user.LoginController: User a made login
(2026-01-11 01:03:16)	[INFO] class mvc.controller.user.LoginController: User a made login
(2026-01-11 01:03:38)	[INFO] class mvc.controller.user.LoginController: User a made login
(2026-01-11 01:03:42)	[INFO] class mvc.controller.show.entry.data.ShowItemDataController: Navigating to MODIFY_ITEM screen
(2026-01-11 01:03:42)	[INFO] class command.modify.screen.ModifyItemCommand: Inyectando datos para modificar la item Carlitos
(2026-01-11 01:03:42)	[INFO] class mvc.view.modify.ItemModifyView: Modificando vista con DTO: dataTransportLayer.ItemDTO@41efca9c
(2026-01-11 01:03:42)	[INFO] class mvc.view.modify.ItemModifyView: Modificando vista de Item con DTO: dataTransportLayer.ItemDTO@41efca9c
(2026-01-11 01:03:49)	[INFO] class mvc.controller.show.entry.data.ShowItemDataController: Navigating to MODIFY_ITEM screen
(2026-01-11 01:03:49)	[INFO] class command.modify.screen.ModifyItemCommand: Inyectando datos para modificar la item Carlitos
(2026-01-11 01:03:49)	[INFO] class mvc.view.modify.ItemModifyView: Modificando vista con DTO: dataTransportLayer.ItemDTO@10065ffd
(2026-01-11 01:03:49)	[INFO] class mvc.view.modify.ItemModifyView: Modificando vista de Item con DTO: dataTransportLayer.ItemDTO@10065ffd
(2026-01-11 01:03:50)	[INFO] class mvc.controller.show.entry.data.ShowItemDataController: Navigating to MODIFY_ITEM screen
(2026-01-11 01:03:50)	[INFO] class command.modify.screen.ModifyItemCommand: Inyectando datos para modificar la item Carlitos
(2026-01-11 01:03:50)	[INFO] class mvc.view.modify.ItemModifyView: Modificando vista con DTO: dataTransportLayer.ItemDTO@30170a20
(2026-01-11 01:03:50)	[INFO] class mvc.view.modify.ItemModifyView: Modificando vista de Item con DTO: dataTransportLayer.ItemDTO@30170a20
(2026-01-11 01:07:51)	[INFO] class mvc.controller.user.LoginController: User a made login
(2026-01-11 01:07:56)	[INFO] class mvc.controller.show.entry.data.ShowItemDataController: Navigating to MODIFY_ITEM screen
(2026-01-11 01:07:56)	[INFO] class command.modify.screen.ModifyItemCommand: Inyectando datos para modificar la item Carlitos
(2026-01-11 01:07:56)	[INFO] class mvc.view.modify.ItemModifyView: Modificando vista con DTO: dataTransportLayer.ItemDTO@5d212f56
(2026-01-11 01:07:56)	[INFO] class mvc.view.modify.ItemModifyView: Modificando vista de Item con DTO: dataTransportLayer.ItemDTO@5d212f56
(2026-01-11 01:07:59)	[INFO] class mvc.controller.show.entry.data.ShowItemDataController: Navigating to MODIFY_ITEM screen
(2026-01-11 01:07:59)	[INFO] class command.modify.screen.ModifyItemCommand: Inyectando datos para modificar la item Carlitos
(2026-01-11 01:07:59)	[INFO] class mvc.view.modify.ItemModifyView: Modificando vista con DTO: dataTransportLayer.ItemDTO@5e3518d0
(2026-01-11 01:07:59)	[INFO] class mvc.view.modify.ItemModifyView: Modificando vista de Item con DTO: dataTransportLayer.ItemDTO@5e3518d0
(2026-01-11 01:08:11)	[INFO] class command.modify.screen.ModifyCollectionCommand: Inyectando datos para modificar la coleccion sauce gay
(2026-01-11 01:08:11)	[INFO] class mvc.view.modify.CollectionModifyView: Modificando vista con DTO: dataTransportLayer.CollectionDTO@ddd6e0c
(2026-01-11 01:09:27)	[INFO] class mvc.controller.user.LoginController: User a made login
(2026-01-11 01:13:29)	[INFO] class mvc.controller.user.LoginController: User a made login
(2026-01-11 01:19:26)	[ERROR] class mvc.controller.user.LoginController: Invalid password for user a
(2026-01-11 01:19:28)	[INFO] class mvc.controller.user.LoginController: User a made login
(2026-01-11 01:24:12)	[INFO] class mvc.controller.user.LoginController: User a made login
(2026-01-11 01:24:18)	[INFO] class mvc.controller.show.entry.data.ShowRecipeDataController: Navigating to MODIFY_RECIPE screen
(2026-01-11 01:24:18)	[INFO] class command.modify.screen.ModifyRecipeCommand: Inyectando datos para modificar la receta sius
(2026-01-11 01:25:53)	[INFO] class mvc.controller.user.LoginController: User a made login
(2026-01-11 01:25:58)	[INFO] class mvc.controller.show.entry.data.ShowRecipeDataController: Navigating to MODIFY_RECIPE screen
(2026-01-11 01:25:58)	[INFO] class command.modify.screen.ModifyRecipeCommand: Inyectando datos para modificar la receta sius
(2026-01-11 01:25:58)	[INFO] class mvc.view.modify.RecipeModifyView: Modificando vista con DTO: dataTransportLayer.RecipeDTO@795b297c
(2026-01-11 01:27:00)	[INFO] class mvc.controller.show.entry.data.ShowRecipeDataController: Navigating to MODIFY_RECIPE screen
(2026-01-11 01:27:00)	[INFO] class command.modify.screen.ModifyRecipeCommand: Inyectando datos para modificar la receta sius
(2026-01-11 01:27:00)	[INFO] class mvc.view.modify.RecipeModifyView: Modificando vista con DTO: dataTransportLayer.RecipeDTO@25581a72
(2026-01-11 01:27:15)	[INFO] class mvc.controller.show.entry.data.ShowRecipeDataController: Navigating to MODIFY_RECIPE screen
(2026-01-11 01:27:15)	[INFO] class command.modify.screen.ModifyRecipeCommand: Inyectando datos para modificar la receta carlos
(2026-01-11 01:27:15)	[INFO] class mvc.view.modify.RecipeModifyView: Modificando vista con DTO: dataTransportLayer.RecipeDTO@4eb62c6d
(2026-01-11 01:27:18)	[INFO] class mvc.controller.show.entry.data.ShowRecipeDataController: Navigating to MODIFY_RECIPE screen
(2026-01-11 01:27:18)	[INFO] class command.modify.screen.ModifyRecipeCommand: Inyectando datos para modificar la receta carlos
(2026-01-11 01:27:18)	[INFO] class mvc.view.modify.RecipeModifyView: Modificando vista con DTO: dataTransportLayer.RecipeDTO@2b8fe6f9
(2026-01-11 01:27:46)	[INFO] class mvc.controller.show.entry.data.ShowRecipeDataController: Deleted recipe with name carlos successfully
(2026-01-11 01:36:37)	[INFO] class mvc.controller.user.LoginController: User a made login
(2026-01-11 01:36:56)	[INFO] class mvc.controller.add.AddRecipeController: A recipe named sasersas has been created
(2026-01-11 01:37:15)	[INFO] class mvc.controller.add.AddItemController: An Item named asdf<sfdgsy456 has been created
(2026-01-11 01:37:16)	[INFO] class command.modify.screen.ModifyCollectionCommand: Inyectando datos para modificar la coleccion sauce gay
(2026-01-11 01:37:16)	[INFO] class mvc.view.modify.CollectionModifyView: Modificando vista con DTO: dataTransportLayer.CollectionDTO@6420dc81
(2026-01-12 01:06:52)	[INFO] class mvc.controller.user.LoginController: User a made login
(2026-01-12 01:15:16)	[INFO] class mvc.controller.user.LoginController: User a made login
(2026-01-12 01:21:21)	[INFO] class mvc.controller.user.LoginController: User a made login
(2026-01-12 01:27:42)	[INFO] class mvc.controller.user.LoginController: User a made login
(2026-01-12 01:28:59)	[INFO] class mvc.controller.user.LoginController: User a made login
(2026-01-12 01:41:08)	[INFO] class mvc.controller.user.LoginController: User a made login
(2026-01-12 01:45:15)	[INFO] class mvc.controller.user.LoginController: User a made login
(2026-01-12 01:46:09)	[INFO] class mvc.controller.user.LoginController: User a made login
(2026-01-12 01:46:28)	[INFO] class mvc.controller.add.AddCollectionController: Collection with name sas has been created
(2026-01-12 01:49:02)	[INFO] class mvc.controller.user.LoginController: User a made login
(2026-01-12 01:52:43)	[INFO] class mvc.controller.user.LoginController: User a made login
(2026-01-12 01:54:31)	[INFO] class mvc.controller.user.LoginController: User a made login
(2026-01-12 01:57:27)	[INFO] class mvc.controller.user.LoginController: User a made login
(2026-01-12 01:58:00)	[INFO] class mvc.controller.show.entry.data.ShowRecipeDataController: Navigating to MODIFY_RECIPE screen
(2026-01-12 01:58:00)	[INFO] class command.modify.screen.ModifyRecipeCommand: Inyectando datos para modificar la receta sasersas
(2026-01-12 01:58:00)	[INFO] class mvc.view.modify.RecipeModifyView: Modificando vista con DTO: dataTransportLayer.RecipeDTO@2038ea34
(2026-01-12 02:10:26)	[INFO] class mvc.controller.user.LoginController: User a made login
(2026-01-12 02:26:58)	[INFO] class mvc.controller.user.LoginController: User a made login
(2026-01-12 02:27:41)	[INFO] class mvc.controller.user.LoginController: User a made login
(2026-01-12 02:31:25)	[INFO] class mvc.controller.user.LoginController: User a made login
(2026-01-12 02:31:45)	[INFO] class mvc.controller.user.LoginController: User a made login
(2026-01-12 02:35:12)	[INFO] class mvc.controller.user.LoginController: User a made login
(2026-01-12 02:37:09)	[INFO] class mvc.controller.user.LoginController: User a made login
(2026-01-12 02:45:33)	[INFO] class mvc.controller.user.LoginController: User a made login
(2026-01-12 02:47:06)	[INFO] class mvc.controller.user.LoginController: User a made login
(2026-01-12 02:47:52)	[INFO] class mvc.controller.user.LoginController: User a made login
(2026-01-12 02:51:26)	[INFO] class mvc.controller.user.LoginController: User a made login
(2026-01-12 02:53:45)	[INFO] class mvc.controller.user.LoginController: User a made login
(2026-01-12 02:59:56)	[INFO] class mvc.controller.user.LoginController: User a made login
(2026-01-12 03:08:32)	[INFO] class mvc.controller.user.LoginController: User a made login
(2026-01-12 03:09:37)	[INFO] class mvc.controller.user.LoginController: User a made login
(2026-01-12 13:23:20)	[INFO] class mvc.controller.user.LoginController: User a made login
(2026-01-12 13:23:55)	[INFO] class mvc.controller.user.LoginController: User a made login
(2026-01-12 13:27:41)	[INFO] class mvc.controller.add.AddCollectionController: Collection with name Minecraft has been created
(2026-01-12 13:28:03)	[INFO] class mvc.controller.add.AddItemController: An Item named Sitck has been created
(2026-01-12 13:28:14)	[INFO] class mvc.controller.add.AddItemController: An Item named Oak Log has been created
(2026-01-12 13:28:29)	[INFO] class mvc.controller.add.AddItemController: An Item named Oak Planks has been created
(2026-01-12 13:28:42)	[INFO] class mvc.controller.add.AddItemController: An Item named Iron Ingot has been created
(2026-01-12 13:28:51)	[INFO] class mvc.controller.add.AddItemController: An Item named Iron Pickaxe has been created
(2026-01-12 13:28:53)	[INFO] class mvc.controller.show.entry.data.ShowItemDataController: Navigating to MODIFY_ITEM screen
(2026-01-12 13:28:53)	[INFO] class command.modify.screen.ModifyItemCommand: Inyectando datos para modificar la item Iron Pickaxe
(2026-01-12 13:28:53)	[INFO] class mvc.view.modify.ItemModifyView: Modificando vista con DTO: dataTransportLayer.ItemDTO@59682348
(2026-01-12 13:28:53)	[INFO] class mvc.view.modify.ItemModifyView: Modificando vista de Item con DTO: dataTransportLayer.ItemDTO@59682348
(2026-01-12 13:29:12)	[INFO] class mvc.controller.add.AddItemController: An Item named Iron Chessplate has been created
(2026-01-12 13:29:49)	[INFO] class mvc.controller.add.AddRecipeController: A recipe named Stick 1 has been created
(2026-01-12 13:30:29)	[INFO] class mvc.controller.add.AddRecipeController: A recipe named Stick 2 has been created
(2026-01-12 13:30:59)	[INFO] class mvc.controller.add.AddRecipeController: A recipe named Oak Planks 1 has been created
(2026-01-12 13:31:52)	[INFO] class mvc.controller.add.AddRecipeController: A recipe named Iron Pickaxe 1 has been created
(2026-01-12 13:31:56)	[INFO] class mvc.controller.show.entry.data.ShowRecipeDataController: Navigating to MODIFY_RECIPE screen
(2026-01-12 13:31:56)	[INFO] class command.modify.screen.ModifyRecipeCommand: Inyectando datos para modificar la receta Iron Pickaxe 1
(2026-01-12 13:31:56)	[INFO] class mvc.view.modify.RecipeModifyView: Modificando vista con DTO: dataTransportLayer.RecipeDTO@672a0a57
(2026-01-12 13:32:46)	[INFO] class mvc.controller.add.AddRecipeController: A recipe named Iron Chessplate 1 has been created
(2026-01-12 13:33:23)	[INFO] class mvc.controller.user.LoginController: User a made login
(2026-01-12 13:41:18)	[INFO] class mvc.controller.user.LoginController: User a made login
(2026-01-12 13:44:38)	[INFO] class mvc.controller.user.LoginController: User a made login
(2026-01-12 13:51:25)	[ERROR] class mvc.controller.user.LoginController: Invalid password for user a
(2026-01-12 13:51:27)	[INFO] class mvc.controller.user.LoginController: User a made login
(2026-01-12 14:04:57)	[INFO] class mvc.controller.user.LoginController: User a made login
(2026-01-12 14:09:47)	[INFO] class mvc.controller.user.LoginController: User a made login
(2026-01-12 14:11:24)	[INFO] class mvc.controller.user.LoginController: User a made login
(2026-01-12 14:30:15)	[INFO] class mvc.controller.user.LoginController: User a made login
(2026-01-12 14:31:30)	[INFO] class mvc.controller.user.LoginController: User a made login
(2026-01-12 14:34:40)	[INFO] class mvc.controller.user.LoginController: User a made login
(2026-01-12 15:09:34)	[INFO] class mvc.controller.user.LoginController: User a made login
(2026-01-12 15:14:37)	[INFO] class mvc.controller.user.LoginController: User a made login
(2026-01-12 15:15:49)	[INFO] class mvc.controller.user.LoginController: User a made login
(2026-01-12 15:17:09)	[INFO] class mvc.controller.user.LoginController: User a made login
(2026-01-12 15:19:04)	[INFO] class mvc.controller.user.LoginController: User a made login
(2026-01-12 15:20:23)	[INFO] class mvc.controller.user.LoginController: User a made login
(2026-01-12 15:21:27)	[INFO] class mvc.controller.user.LoginController: User a made login
(2026-01-12 15:22:26)	[INFO] class mvc.controller.user.LoginController: User a made login
(2026-01-12 15:25:01)	[INFO] class mvc.controller.user.LoginController: User a made login
(2026-01-12 15:25:51)	[INFO] class mvc.controller.user.LoginController: User a made login
(2026-01-12 15:39:34)	[INFO] class mvc.controller.user.LoginController: User a made login
(2026-01-12 15:40:18)	[INFO] class mvc.controller.user.LoginController: User a made login
(2026-01-12 15:41:42)	[INFO] class mvc.controller.user.LoginController: User a made login
(2026-01-12 15:42:36)	[INFO] class mvc.controller.user.LoginController: User a made login
(2026-01-12 15:43:48)	[INFO] class mvc.controller.user.LoginController: User a made login
(2026-01-12 16:02:28)	[INFO] class mvc.controller.user.LoginController: User a made login
(2026-01-12 16:51:51)	[INFO] class mvc.controller.user.LoginController: User a made login
(2026-01-12 16:57:10)	[INFO] class mvc.controller.user.LoginController: User a made login
(2026-01-12 16:58:22)	[INFO] class mvc.controller.add.AddItemController: An Item named sas has been created
(2026-01-12 16:58:45)	[INFO] class mvc.controller.show.entry.data.ShowItemDataController: Deleted Item with name sas successfully
(2026-01-12 22:29:14)	[INFO] class mvc.controller.user.LoginController: User a made login
(2026-01-12 22:31:50)	[INFO] class mvc.controller.user.LoginController: User a made login
(2026-01-12 22:34:40)	[INFO] class mvc.controller.show.entry.data.ShowRecipeDataController: Navigating to MODIFY_RECIPE screen
(2026-01-12 22:34:40)	[INFO] class command.modify.screen.ModifyRecipeCommand: Inyectando datos para modificar la receta Oak Planks 1
(2026-01-12 22:34:40)	[INFO] class mvc.view.modify.RecipeModifyView: Modificando vista con DTO: dataTransportLayer.RecipeDTO@7d3535f
(2026-01-12 22:34:56)	[INFO] class mvc.controller.show.entry.data.ShowRecipeDataController: Navigating to MODIFY_RECIPE screen
(2026-01-12 22:34:56)	[INFO] class command.modify.screen.ModifyRecipeCommand: Inyectando datos para modificar la receta sasersas
(2026-01-12 22:34:56)	[INFO] class mvc.view.modify.RecipeModifyView: Modificando vista con DTO: dataTransportLayer.RecipeDTO@4484a9c5
(2026-01-12 22:44:36)	[INFO] class mvc.controller.add.AddCollectionController: Collection with name Minecraft 2 has been created
(2026-01-12 22:44:40)	[INFO] class command.modify.screen.ModifyCollectionCommand: Inyectando datos para modificar la coleccion Minecraft 2
(2026-01-12 22:44:40)	[INFO] class mvc.view.modify.CollectionModifyView: Modificando vista con DTO: dataTransportLayer.CollectionDTO@4b64b88b
(2026-01-12 23:04:19)	[INFO] class mvc.controller.user.LoginController: User a made login
(2026-01-12 23:11:54)	[INFO] class mvc.controller.user.LoginController: User a made login
(2026-01-12 23:14:59)	[INFO] class mvc.controller.user.LoginController: User a made login
(2026-01-12 23:39:15)	[INFO] class mvc.controller.user.LoginController: User a made login
(2026-01-12 23:54:30)	[INFO] class mvc.controller.user.LoginController: User a made login
(2026-01-13 00:16:39)	[INFO] class mvc.controller.user.LoginController: User a made login
(2026-01-13 00:23:55)	[INFO] class mvc.controller.show.entry.data.ShowRecipeDataController: Navigating to MODIFY_RECIPE screen
(2026-01-13 00:23:55)	[INFO] class command.modify.screen.ModifyRecipeCommand: Inyectando datos para modificar la receta zesty
(2026-01-13 00:23:55)	[INFO] class mvc.view.modify.RecipeModifyView: Modificando vista con DTO: dataTransportLayer.RecipeDTO@16f294f4
(2026-01-13 00:27:18)	[INFO] class mvc.controller.user.LoginController: User a made login
(2026-01-13 00:27:46)	[INFO] class mvc.controller.show.entry.data.ShowItemDataController: Navigating to MODIFY_ITEM screen
(2026-01-13 00:27:46)	[INFO] class command.modify.screen.ModifyItemCommand: Inyectando datos para modificar la item Iron Pickaxe
(2026-01-13 00:27:46)	[INFO] class mvc.view.modify.ItemModifyView: Modificando vista con DTO: dataTransportLayer.ItemDTO@4e3dd63f
(2026-01-13 00:27:46)	[INFO] class mvc.view.modify.ItemModifyView: Modificando vista de Item con DTO: dataTransportLayer.ItemDTO@4e3dd63f
(2026-01-13 00:32:24)	[INFO] class mvc.controller.user.LoginController: User a made login
(2026-01-13 00:36:11)	[INFO] class mvc.controller.user.LoginController: User a made login
(2026-01-13 00:44:08)	[INFO] class mvc.controller.user.LoginController: User a made login
(2026-01-13 00:45:41)	[INFO] class mvc.controller.user.LoginController: User a made login
(2026-01-13 00:52:00)	[INFO] class mvc.controller.user.LoginController: User a made login
(2026-01-13 00:53:09)	[INFO] class mvc.controller.user.LoginController: User a made login
(2026-01-13 00:57:21)	[INFO] class mvc.controller.user.LoginController: User a made login
(2026-01-13 00:59:23)	[INFO] class mvc.controller.user.LoginController: User a made login
(2026-01-13 01:02:02)	[INFO] class mvc.controller.user.LoginController: User a made login
(2026-01-13 01:06:57)	[INFO] class mvc.controller.user.LoginController: User a made login
(2026-01-13 01:13:10)	[ERROR] class mvc.controller.user.LoginController: Invalid password for user a
(2026-01-13 01:13:15)	[INFO] class mvc.controller.user.LoginController: User a made login
(2026-01-13 01:13:33)	[INFO] class mvc.controller.show.entry.data.ShowRecipeDataController: Navigating to MODIFY_RECIPE screen
(2026-01-13 01:13:33)	[INFO] class command.modify.screen.ModifyRecipeCommand: Inyectando datos para modificar la receta zesty
(2026-01-13 01:13:33)	[INFO] class mvc.view.modify.RecipeModifyView: Modificando vista con DTO: dataTransportLayer.RecipeDTO@63626cce
(2026-01-13 01:23:47)	[INFO] class mvc.controller.user.LoginController: User a made login
(2026-01-13 01:24:51)	[INFO] class mvc.controller.user.LoginController: User a made login
(2026-01-13 01:25:11)	[INFO] class mvc.model.entries.Recipe with id 24: The recipe has been succesfully executed.
(2026-01-13 01:27:34)	[INFO] class mvc.controller.user.LoginController: User a made login
(2026-01-13 01:29:35)	[INFO] class mvc.controller.user.LoginController: User a made login
(2026-01-13 01:29:47)	[INFO] class mvc.model.entries.Recipe with id 24: The recipe has been succesfully executed.
(2026-01-13 01:30:22)	[INFO] class mvc.controller.user.LoginController: User a made login
(2026-01-13 01:30:48)	[INFO] class mvc.model.entries.Recipe with id 24: The recipe has been succesfully executed.
(2026-01-13 01:32:56)	[INFO] class mvc.controller.user.LoginController: User a made login
(2026-01-13 01:33:09)	[INFO] class mvc.model.entries.Recipe with id 24: The recipe has been succesfully executed.
(2026-01-13 01:33:21)	[INFO] class mvc.model.entries.Recipe with id 24: The recipe has been succesfully executed.
(2026-01-13 01:33:21)	[INFO] class mvc.model.entries.Recipe with id 24: The recipe has been succesfully executed.
(2026-01-13 01:33:21)	[INFO] class mvc.model.entries.Recipe with id 24: The recipe has been succesfully executed.
(2026-01-13 01:33:22)	[INFO] class mvc.model.entries.Recipe with id 24: The recipe has been succesfully executed.
(2026-01-13 01:33:22)	[INFO] class mvc.model.entries.Recipe with id 24: The recipe has been succesfully executed.
(2026-01-13 01:33:22)	[INFO] class mvc.model.entries.Recipe with id 24: The recipe has been succesfully executed.
(2026-01-13 01:33:22)	[INFO] class mvc.model.entries.Recipe with id 24: The recipe has been succesfully executed.
(2026-01-13 01:33:22)	[INFO] class mvc.model.entries.Recipe with id 24: The recipe has been succesfully executed.
(2026-01-13 01:33:22)	[INFO] class mvc.model.entries.Recipe with id 24: The recipe has been succesfully executed.
(2026-01-13 01:33:23)	[INFO] class mvc.model.entries.Recipe with id 24: The recipe has been succesfully executed.
(2026-01-13 01:33:23)	[INFO] class mvc.model.entries.Recipe with id 24: The recipe has been succesfully executed.
(2026-01-13 01:33:23)	[INFO] class mvc.model.entries.Recipe with id 24: The recipe has been succesfully executed.
(2026-01-13 01:33:25)	[INFO] class mvc.model.entries.Recipe with id 24: The recipe has been succesfully executed.
(2026-01-13 01:33:25)	[INFO] class mvc.model.entries.Recipe with id 24: The recipe has been succesfully executed.
(2026-01-13 01:33:26)	[INFO] class mvc.model.entries.Recipe with id 24: The recipe has been succesfully executed.
(2026-01-13 01:33:26)	[INFO] class mvc.model.entries.Recipe with id 24: The recipe has been succesfully executed.
(2026-01-13 01:33:26)	[INFO] class mvc.model.entries.Recipe with id 24: The recipe has been succesfully executed.
(2026-01-13 01:33:26)	[INFO] class mvc.model.entries.Recipe with id 24: The recipe has been succesfully executed.
(2026-01-13 01:33:26)	[INFO] class mvc.model.entries.Recipe with id 24: The recipe has been succesfully executed.
(2026-01-13 01:33:27)	[INFO] class mvc.model.entries.Recipe with id 24: The recipe has been succesfully executed.
(2026-01-13 01:33:27)	[INFO] class mvc.model.entries.Recipe with id 24: The recipe has been succesfully executed.
(2026-01-13 01:33:27)	[INFO] class mvc.model.entries.Recipe with id 24: The recipe has been succesfully executed.
(2026-01-13 01:33:31)	[INFO] class mvc.model.entries.Recipe with id 24: The recipe has been succesfully executed.
(2026-01-13 01:33:31)	[INFO] class mvc.model.entries.Recipe with id 24: The recipe has been succesfully executed.
(2026-01-13 01:33:32)	[INFO] class mvc.model.entries.Recipe with id 24: The recipe has been succesfully executed.
(2026-01-13 01:33:32)	[INFO] class mvc.model.entries.Recipe with id 24: The recipe has been succesfully executed.
(2026-01-13 01:33:32)	[INFO] class mvc.model.entries.Recipe with id 24: The recipe has been succesfully executed.
(2026-01-13 01:33:32)	[INFO] class mvc.model.entries.Recipe with id 24: The recipe has been succesfully executed.
(2026-01-13 01:33:33)	[INFO] class mvc.model.entries.Recipe with id 24: The recipe has been succesfully executed.
(2026-01-13 01:33:33)	[INFO] class mvc.model.entries.Recipe with id 24: The recipe has been succesfully executed.
(2026-01-13 01:33:33)	[INFO] class mvc.model.entries.Recipe with id 24: The recipe has been succesfully executed.
(2026-01-13 01:33:43)	[INFO] class mvc.model.entries.Recipe with id 21: The recipe has been succesfully executed.
(2026-01-13 01:33:43)	[INFO] class mvc.model.entries.Recipe with id 21: The recipe has been succesfully executed.
(2026-01-13 01:33:44)	[INFO] class mvc.model.entries.Recipe with id 21: The recipe has been succesfully executed.
(2026-01-13 01:33:44)	[INFO] class mvc.model.entries.Recipe with id 21: The recipe has been succesfully executed.
(2026-01-13 01:33:53)	[INFO] class mvc.model.entries.Recipe with id 22: The recipe has been succesfully executed.
(2026-01-13 01:33:54)	[INFO] class mvc.model.entries.Recipe with id 22: The recipe has been succesfully executed.
(2026-01-13 01:33:55)	[INFO] class mvc.model.entries.Recipe with id 22: The recipe has been succesfully executed.
(2026-01-13 01:34:02)	[INFO] class mvc.model.entries.Recipe with id 23: The recipe has been succesfully executed.
(2026-01-13 01:34:03)	[INFO] class mvc.model.entries.Recipe with id 23: The recipe has been succesfully executed.
(2026-01-13 01:34:03)	[INFO] class mvc.model.entries.Recipe with id 23: The recipe has been succesfully executed.
(2026-01-13 01:34:03)	[INFO] class mvc.model.entries.Recipe with id 23: The recipe has been succesfully executed.
(2026-01-13 01:34:03)	[INFO] class mvc.model.entries.Recipe with id 23: The recipe has been succesfully executed.
(2026-01-13 01:34:04)	[INFO] class mvc.model.entries.Recipe with id 23: The recipe has been succesfully executed.
(2026-01-13 01:34:04)	[INFO] class mvc.model.entries.Recipe with id 23: The recipe has been succesfully executed.
(2026-01-13 01:34:04)	[INFO] class mvc.model.entries.Recipe with id 23: The recipe has been succesfully executed.
(2026-01-13 01:34:04)	[INFO] class mvc.model.entries.Recipe with id 23: The recipe has been succesfully executed.
(2026-01-13 01:34:04)	[INFO] class mvc.model.entries.Recipe with id 23: The recipe has been succesfully executed.
(2026-01-13 01:51:40)	[ERROR] class mvc.controller.user.LoginController: No existe una cuenta con nombre a
(2026-01-13 01:51:45)	[ERROR] class mvc.controller.user.LoginController: No existe una cuenta con nombre a
(2026-01-13 01:51:53)	[INFO] class mvc.controller.user.SignUpController: El usuario a ha creado su cuenta correctamente
(2026-01-13 01:52:09)	[ERROR] class mvc.controller.user.LoginController: No existe una cuenta con nombre a
(2026-01-13 03:03:25)	[INFO] class mvc.controller.user.LoginController: El usuario a ha iniciado sesion
(2026-01-13 03:03:44)	[INFO] class mvc.model.entries.Recipe con id 24: La receta se ha ejecutado correctamente.
(2026-01-13 03:03:47)	[INFO] class mvc.model.entries.Recipe con id 24: La receta se ha ejecutado correctamente.
(2026-01-13 03:19:25)	[INFO] class mvc.controller.user.LoginController: El usuario a ha iniciado sesion
(2026-01-13 03:28:20)	[INFO] class mvc.controller.user.LoginController: El usuario a ha iniciado sesion
(2026-01-13 03:28:43)	[INFO] class mvc.model.entries.Recipe con id 24: La receta se ha ejecutado correctamente.
(2026-01-13 03:33:30)	[INFO] class mvc.controller.user.LoginController: El usuario a ha iniciado sesion
(2026-01-13 03:38:58)	[INFO] class mvc.controller.user.LoginController: El usuario a ha iniciado sesion
(2026-01-13 03:40:35)	[INFO] class mvc.controller.user.LoginController: El usuario a ha iniciado sesion
(2026-01-13 03:41:52)	[INFO] class mvc.controller.user.LoginController: El usuario a ha iniciado sesion
(2026-01-13 03:45:24)	[INFO] class mvc.controller.user.LoginController: El usuario a ha iniciado sesion
(2026-01-13 03:48:31)	[INFO] class mvc.controller.user.LoginController: El usuario a ha iniciado sesion
(2026-01-13 03:49:04)	[INFO] class mvc.model.entries.Recipe con id 24: La receta se ha ejecutado correctamente.
(2026-01-13 04:10:26)	[INFO] class mvc.controller.user.LoginController: El usuario a ha iniciado sesion
(2026-01-13 04:12:39)	[INFO] class mvc.controller.user.LoginController: El usuario a ha iniciado sesion
(2026-01-13 04:14:37)	[INFO] class mvc.model.entries.Recipe con id 24: La receta se ha ejecutado correctamente.
(2026-01-13 04:14:38)	[INFO] class mvc.model.entries.Recipe con id 24: La receta se ha ejecutado correctamente.
(2026-01-13 04:14:38)	[INFO] class mvc.model.entries.Recipe con id 24: La receta se ha ejecutado correctamente.
(2026-01-13 04:14:38)	[INFO] class mvc.model.entries.Recipe con id 24: La receta se ha ejecutado correctamente.
(2026-01-13 04:14:38)	[INFO] class mvc.model.entries.Recipe con id 24: La receta se ha ejecutado correctamente.
(2026-01-13 04:14:39)	[INFO] class mvc.model.entries.Recipe con id 24: La receta se ha ejecutado correctamente.
(2026-01-13 04:59:32)	[INFO] class mvc.controller.user.LoginController: El usuario a ha iniciado sesion
(2026-01-13 04:59:57)	[INFO] class mvc.model.entries.Recipe con id 24: La receta se ha ejecutado correctamente.
(2026-01-13 05:05:49)	[INFO] class mvc.controller.user.LoginController: El usuario a ha iniciado sesion
(2026-01-13 05:06:33)	[INFO] class mvc.controller.add.AddItemController: El usuario a ha creado un item llamado Cofre
(2026-01-13 05:06:43)	[INFO] class command.modify.ModifyEntryCommand: El item con nombre Chest en la coleccion Minecraft ha sido modificada.
(2026-01-13 05:07:00)	[INFO] class mvc.model.entries.Recipe con id 24: La receta se ha ejecutado correctamente.
(2026-01-13 05:07:00)	[INFO] class mvc.model.entries.Recipe con id 24: La receta se ha ejecutado correctamente.
(2026-01-13 05:07:04)	[INFO] class mvc.model.entries.Recipe con id 24: La receta se ha ejecutado correctamente.
(2026-01-13 05:08:22)	[INFO] class mvc.controller.user.LoginController: El usuario a ha iniciado sesion
(2026-01-13 05:08:34)	[INFO] class mvc.model.entries.Recipe con id 24: La receta se ha ejecutado correctamente.
(2026-01-13 05:08:35)	[INFO] class mvc.model.entries.Recipe con id 24: La receta se ha ejecutado correctamente.
(2026-01-13 05:08:35)	[INFO] class mvc.model.entries.Recipe con id 24: La receta se ha ejecutado correctamente.
(2026-01-13 05:08:35)	[INFO] class mvc.model.entries.Recipe con id 24: La receta se ha ejecutado correctamente.
(2026-01-13 05:08:35)	[INFO] class mvc.model.entries.Recipe con id 24: La receta se ha ejecutado correctamente.
(2026-01-13 05:08:35)	[INFO] class mvc.model.entries.Recipe con id 24: La receta se ha ejecutado correctamente.
(2026-01-13 05:08:36)	[INFO] class mvc.model.entries.Recipe con id 24: La receta se ha ejecutado correctamente.
(2026-01-13 05:08:36)	[INFO] class mvc.model.entries.Recipe con id 24: La receta se ha ejecutado correctamente.
(2026-01-13 05:08:36)	[INFO] class mvc.model.entries.Recipe con id 24: La receta se ha ejecutado correctamente.
(2026-01-13 05:08:41)	[INFO] class mvc.model.entries.Recipe con id 24: La receta se ha ejecutado correctamente.
(2026-01-13 05:09:29)	[INFO] class mvc.controller.user.LoginController: El usuario a ha iniciado sesion
(2026-01-13 13:20:22)	[INFO] class mvc.controller.user.LoginController: El usuario a ha iniciado sesion
(2026-01-13 13:23:12)	[INFO] class mvc.controller.user.LoginController: El usuario a ha iniciado sesion
(2026-01-13 13:28:47)	[INFO] class mvc.controller.user.LoginController: El usuario a ha iniciado sesion
(2026-01-13 14:05:54)	[INFO] class mvc.controller.user.LoginController: El usuario a ha iniciado sesion
(2026-01-13 14:07:25)	[ERROR] class mvc.controller.user.LoginController: Contraseña incorrecta para el usuario a
(2026-01-13 14:07:27)	[INFO] class mvc.controller.user.LoginController: El usuario a ha iniciado sesion
(2026-01-13 14:07:43)	[INFO] class mvc.model.entries.Recipe con id 24: La receta se ha ejecutado correctamente.
(2026-01-13 14:08:03)	[INFO] class mvc.model.entries.Recipe con id 24: La receta se ha ejecutado correctamente.
(2026-01-13 14:17:06)	[INFO] class mvc.controller.user.LoginController: El usuario a ha iniciado sesion
(2026-01-13 14:17:21)	[INFO] class mvc.model.entries.Recipe con id 24: La receta se ha ejecutado correctamente.
(2026-01-13 14:17:21)	[INFO] class mvc.model.entries.Recipe con id 24: La receta se ha ejecutado correctamente.
(2026-01-13 14:17:22)	[INFO] class mvc.model.entries.Recipe con id 24: La receta se ha ejecutado correctamente.
(2026-01-13 14:17:28)	[INFO] class mvc.model.entries.Recipe con id 24: La receta se ha ejecutado correctamente.
(2026-01-13 14:17:29)	[INFO] class mvc.model.entries.Recipe con id 24: La receta se ha ejecutado correctamente.
(2026-01-13 14:17:37)	[INFO] class mvc.model.entries.Recipe con id 24: La receta se ha ejecutado correctamente.
(2026-01-13 14:22:34)	[INFO] class mvc.controller.user.LoginController: El usuario a ha iniciado sesion
(2026-01-13 14:22:57)	[INFO] class mvc.model.entries.Recipe con id 24: La receta se ha ejecutado correctamente.
(2026-01-13 14:23:18)	[INFO] class mvc.model.entries.Recipe con id 24: La receta se ha ejecutado correctamente.
(2026-01-13 14:24:49)	[INFO] class mvc.model.entries.Recipe con id 24: La receta se ha ejecutado correctamente.
(2026-01-13 14:24:50)	[INFO] class mvc.model.entries.Recipe con id 24: La receta se ha ejecutado correctamente.
(2026-01-13 14:24:51)	[INFO] class mvc.model.entries.Recipe con id 24: La receta se ha ejecutado correctamente.
(2026-01-13 14:24:56)	[INFO] class mvc.model.entries.Recipe con id 24: La receta se ha ejecutado correctamente.
(2026-01-13 14:24:57)	[INFO] class mvc.model.entries.Recipe con id 24: La receta se ha ejecutado correctamente.
(2026-01-13 14:24:59)	[INFO] class mvc.model.entries.Recipe con id 24: La receta se ha ejecutado correctamente.
(2026-01-13 14:25:09)	[INFO] class mvc.model.entries.Recipe con id 24: La receta se ha ejecutado correctamente.
(2026-01-13 14:25:09)	[INFO] class mvc.model.entries.Recipe con id 24: La receta se ha ejecutado correctamente.
(2026-01-13 14:36:25)	[INFO] class mvc.model.entries.Recipe con id 24: La receta se ha ejecutado correctamente.
(2026-01-13 14:36:26)	[INFO] class mvc.model.entries.Recipe con id 24: La receta se ha ejecutado correctamente.
(2026-01-13 14:36:53)	[INFO] class mvc.model.entries.Recipe con id 24: La receta se ha ejecutado correctamente.
(2026-01-13 14:38:42)	[INFO] class mvc.controller.user.LoginController: El usuario a ha iniciado sesion
(2026-01-13 14:42:09)	[INFO] class mvc.model.entries.Recipe con id 24: La receta se ha ejecutado correctamente.
(2026-01-13 14:42:45)	[INFO] class mvc.model.entries.Recipe con id 24: La receta se ha ejecutado correctamente.
(2026-01-13 14:42:49)	[INFO] class mvc.model.entries.Recipe con id 24: La receta se ha ejecutado correctamente.
(2026-01-13 14:42:51)	[INFO] class mvc.model.entries.Recipe con id 24: La receta se ha ejecutado correctamente.
(2026-01-13 14:42:51)	[INFO] class mvc.model.entries.Recipe con id 24: La receta se ha ejecutado correctamente.
(2026-01-13 14:42:52)	[INFO] class mvc.model.entries.Recipe con id 24: La receta se ha ejecutado correctamente.
(2026-01-13 14:42:58)	[INFO] class mvc.model.entries.Recipe con id 24: La receta se ha ejecutado correctamente.
(2026-01-13 15:02:52)	[INFO] class mvc.controller.user.LoginController: El usuario a ha iniciado sesion
(2026-01-13 15:03:14)	[INFO] class mvc.model.entries.Recipe con id 24: La receta se ha ejecutado correctamente.
(2026-01-13 15:03:53)	[INFO] class mvc.model.entries.Recipe con id 24: La receta se ha ejecutado correctamente.
(2026-01-13 15:03:55)	[INFO] class mvc.model.entries.Recipe con id 24: La receta se ha ejecutado correctamente.
(2026-01-13 15:03:56)	[INFO] class mvc.model.entries.Recipe con id 24: La receta se ha ejecutado correctamente.
(2026-01-13 15:04:10)	[INFO] class mvc.model.entries.Recipe con id 24: La receta se ha ejecutado correctamente.
(2026-01-13 15:04:10)	[INFO] class mvc.model.entries.Recipe con id 24: La receta se ha ejecutado correctamente.
(2026-01-13 15:04:11)	[INFO] class mvc.model.entries.Recipe con id 24: La receta se ha ejecutado correctamente.
(2026-01-13 15:04:11)	[INFO] class mvc.model.entries.Recipe con id 24: La receta se ha ejecutado correctamente.
(2026-01-13 15:04:11)	[INFO] class mvc.model.entries.Recipe con id 24: La receta se ha ejecutado correctamente.
(2026-01-13 15:04:11)	[INFO] class mvc.model.entries.Recipe con id 24: La receta se ha ejecutado correctamente.
(2026-01-13 15:04:11)	[INFO] class mvc.model.entries.Recipe con id 24: La receta se ha ejecutado correctamente.
(2026-01-13 15:12:09)	[INFO] class mvc.model.entries.Recipe con id 24: La receta se ha ejecutado correctamente.
(2026-01-13 15:12:13)	[INFO] class mvc.model.entries.Recipe con id 24: La receta se ha ejecutado correctamente.
(2026-01-13 15:12:13)	[INFO] class mvc.model.entries.Recipe con id 24: La receta se ha ejecutado correctamente.
(2026-01-13 15:12:13)	[INFO] class mvc.model.entries.Recipe con id 24: La receta se ha ejecutado correctamente.
(2026-01-13 15:12:14)	[INFO] class mvc.model.entries.Recipe con id 24: La receta se ha ejecutado correctamente.
(2026-01-13 15:12:14)	[INFO] class mvc.model.entries.Recipe con id 24: La receta se ha ejecutado correctamente.
(2026-01-13 15:12:24)	[INFO] class mvc.model.entries.Recipe con id 24: La receta se ha ejecutado correctamente.
(2026-01-13 15:14:32)	[INFO] class mvc.controller.user.LoginController: El usuario a ha iniciado sesion
(2026-01-13 15:14:45)	[INFO] class mvc.model.entries.Recipe con id 24: La receta se ha ejecutado correctamente.
(2026-01-13 15:15:04)	[INFO] class mvc.model.entries.Recipe con id 24: La receta se ha ejecutado correctamente.
(2026-01-13 15:15:05)	[INFO] class mvc.model.entries.Recipe con id 24: La receta se ha ejecutado correctamente.
(2026-01-13 15:15:08)	[INFO] class mvc.model.entries.Recipe con id 24: La receta se ha ejecutado correctamente.
(2026-01-13 15:15:14)	[INFO] class mvc.model.entries.Recipe con id 24: La receta se ha ejecutado correctamente.
(2026-01-13 15:17:04)	[INFO] class mvc.controller.user.LoginController: El usuario a ha iniciado sesion
(2026-01-13 15:17:23)	[INFO] class mvc.model.entries.Recipe con id 24: La receta se ha ejecutado correctamente.
(2026-01-13 15:17:43)	[INFO] class mvc.model.entries.Recipe con id 24: La receta se ha ejecutado correctamente.
(2026-01-13 15:17:45)	[INFO] class mvc.model.entries.Recipe con id 24: La receta se ha ejecutado correctamente.
(2026-01-13 15:17:46)	[INFO] class mvc.model.entries.Recipe con id 24: La receta se ha ejecutado correctamente.
(2026-01-13 15:18:21)	[INFO] class mvc.model.entries.Recipe con id 24: La receta se ha ejecutado correctamente.
(2026-01-13 15:18:23)	[INFO] class mvc.model.entries.Recipe con id 24: La receta se ha ejecutado correctamente.
(2026-01-13 15:18:23)	[INFO] class mvc.model.entries.Recipe con id 24: La receta se ha ejecutado correctamente.
(2026-01-13 15:18:48)	[INFO] class mvc.model.entries.Recipe con id 24: La receta se ha ejecutado correctamente.
(2026-01-13 15:18:52)	[INFO] class mvc.model.entries.Recipe con id 24: La receta se ha ejecutado correctamente.
(2026-01-13 15:18:55)	[INFO] class mvc.model.entries.Recipe con id 24: La receta se ha ejecutado correctamente.
(2026-01-13 15:19:30)	[INFO] class mvc.model.entries.Recipe con id 24: La receta se ha ejecutado correctamente.
(2026-01-13 15:19:36)	[INFO] class mvc.model.entries.Recipe con id 24: La receta se ha ejecutado correctamente.
(2026-01-13 15:19:41)	[INFO] class mvc.model.entries.Recipe con id 24: La receta se ha ejecutado correctamente.
(2026-01-13 15:19:41)	[INFO] class mvc.model.entries.Recipe con id 24: La receta se ha ejecutado correctamente.
(2026-01-13 15:19:41)	[INFO] class mvc.model.entries.Recipe con id 24: La receta se ha ejecutado correctamente.
(2026-01-13 15:19:42)	[INFO] class mvc.model.entries.Recipe con id 24: La receta se ha ejecutado correctamente.
(2026-01-13 15:26:05)	[INFO] class mvc.controller.user.LoginController: El usuario a ha iniciado sesion
(2026-01-13 15:26:20)	[INFO] class mvc.model.entries.Recipe con id 24: La receta se ha ejecutado correctamente.
(2026-01-13 15:27:28)	[INFO] class mvc.model.entries.Recipe con id 24: La receta se ha ejecutado correctamente.
(2026-01-13 15:27:29)	[INFO] class mvc.model.entries.Recipe con id 24: La receta se ha ejecutado correctamente.
(2026-01-13 15:27:29)	[INFO] class mvc.model.entries.Recipe con id 24: La receta se ha ejecutado correctamente.
(2026-01-13 15:40:57)	[INFO] class mvc.controller.user.LoginController: El usuario a ha iniciado sesion
(2026-01-13 15:42:58)	[INFO] class mvc.controller.user.LoginController: El usuario a ha iniciado sesion
(2026-01-13 15:47:16)	[INFO] class mvc.controller.user.LoginController: El usuario a ha iniciado sesion
(2026-01-13 15:47:51)	[INFO] class mvc.controller.add.AddRecipeController: El usuario a ha creado una receta llamada Iron Pickaxe 1
(2026-01-13 15:48:00)	[INFO] class command.modify.ModifyEntryCommand: El item con nombre Stick en la coleccion Minecraft ha sido modificada.
(2026-01-13 15:48:17)	[INFO] class command.modify.ModifyEntryCommand: La receta con nombre Iron Pickaxe 1 en la coleccion Minecraft ha sido modificada.
(2026-01-13 15:49:00)	[INFO] class mvc.model.entries.Recipe con id 29: La receta se ha ejecutado correctamente.
(2026-01-13 15:49:00)	[INFO] class mvc.model.entries.Recipe con id 29: La receta se ha ejecutado correctamente.
(2026-01-13 15:50:28)	[INFO] class mvc.model.entries.Recipe con id 29: La receta se ha ejecutado correctamente.
(2026-01-13 15:50:33)	[INFO] class mvc.model.entries.Recipe con id 29: La receta se ha ejecutado correctamente.
(2026-01-13 15:50:33)	[INFO] class mvc.model.entries.Recipe con id 29: La receta se ha ejecutado correctamente.
(2026-01-13 17:10:18)	[INFO] class mvc.controller.user.LoginController: El usuario a ha iniciado sesion
(2026-01-13 17:15:28)	[INFO] class mvc.controller.user.LoginController: El usuario a ha iniciado sesion
(2026-01-13 17:16:05)	[INFO] class mvc.controller.add.AddRecipeController: El usuario a ha creado una receta llamada Iron Chessplate
(2026-01-13 17:16:30)	[INFO] class mvc.controller.add.AddRecipeController: El usuario a ha creado una receta llamada Chess
(2026-01-13 17:16:47)	[INFO] class mvc.controller.user.LoginController: El usuario a ha iniciado sesion
(2026-01-13 17:17:03)	[INFO] class mvc.model.entries.Recipe con id 31: La receta se ha ejecutado correctamente.
(2026-01-13 17:18:45)	[INFO] class mvc.controller.add.AddCollectionController: El usuario a ha creado una coleccion con nombre sddd22
(2026-01-13 17:26:57)	[INFO] class mvc.controller.user.LoginController: El usuario a ha iniciado sesion
(2026-01-13 17:27:19)	[INFO] class command.modify.ModifyEntryCommand: La coleccion con nombre sddd22 ha sido modificada.
(2026-01-13 17:28:40)	[INFO] class mvc.controller.user.LoginController: El usuario a ha iniciado sesion
(2026-01-13 17:28:52)	[INFO] class command.modify.ModifyEntryCommand: La coleccion con nombre Minecraft ha sido modificada.
(2026-01-13 17:28:54)	[INFO] class command.modify.ModifyEntryCommand: La coleccion con nombre Minecraft ha sido modificada.
(2026-01-13 17:29:07)	[INFO] class command.modify.ModifyEntryCommand: La coleccion con nombre sddd22 ha sido modificada.
(2026-01-13 17:32:58)	[INFO] class mvc.controller.user.LoginController: El usuario a ha iniciado sesion
(2026-01-13 17:33:09)	[INFO] class command.modify.ModifyEntryCommand: La coleccion con nombre Minecraft ha sido modificada.
(2026-01-13 17:33:16)	[INFO] class command.modify.ModifyEntryCommand: La coleccion con nombre sauce gay ha sido modificada.
(2026-01-13 17:33:19)	[INFO] class command.modify.ModifyEntryCommand: La coleccion con nombre Minecraft ha sido modificada.
(2026-01-13 17:33:23)	[INFO] class command.modify.ModifyEntryCommand: La coleccion con nombre sddd22 ha sido modificada.
(2026-01-13 17:33:27)	[INFO] class command.modify.ModifyEntryCommand: La coleccion con nombre sas ha sido modificada.
(2026-01-13 17:33:38)	[INFO] class command.modify.ModifyEntryCommand: La coleccion con nombre Minecraft ha sido modificada.
(2026-01-13 17:33:41)	[INFO] class command.modify.ModifyEntryCommand: La coleccion con nombre Minecraft ha sido modificada.
(2026-01-13 17:33:45)	[INFO] class command.modify.ModifyEntryCommand: La coleccion con nombre Minecraft ha sido modificada.
(2026-01-13 17:33:53)	[INFO] class mvc.controller.show.entry.data.ShowCollectionDataController: El usuario a ha borrado la coleccion con nombre sauce gay
(2026-01-13 17:33:57)	[INFO] class mvc.controller.show.entry.data.ShowCollectionDataController: El usuario a ha borrado la coleccion con nombre sas
(2026-01-13 17:34:00)	[INFO] class mvc.controller.show.entry.data.ShowCollectionDataController: El usuario a ha borrado la coleccion con nombre Minecraft 2
(2026-01-13 17:34:06)	[INFO] class mvc.controller.show.entry.data.ShowCollectionDataController: El usuario a ha borrado la coleccion con nombre sddd22
(2026-01-13 17:34:20)	[INFO] class command.modify.ModifyEntryCommand: La receta con nombre Iron Chessplate en la coleccion Minecraft ha sido modificada.
(2026-01-13 17:34:27)	[INFO] class command.modify.ModifyEntryCommand: La receta con nombre Iron Chessplate en la coleccion Minecraft ha sido modificada.
(2026-01-13 17:35:39)	[INFO] class command.modify.ModifyEntryCommand: La receta con nombre Chess en la coleccion Minecraft ha sido modificada.
(2026-01-13 17:37:10)	[INFO] class command.modify.ModifyEntryCommand: La coleccion con nombre mine ha sido modificada.
(2026-01-13 17:37:57)	[INFO] class mvc.controller.add.AddCollectionController: El usuario a ha creado una coleccion con nombre Minecraft
(2026-01-13 17:38:05)	[INFO] class command.modify.ModifyEntryCommand: La coleccion con nombre Minecraft ha sido modificada.
(2026-01-13 17:38:58)	[INFO] class mvc.controller.add.AddItemController: El usuario a ha creado un item llamado Palo
(2026-01-13 17:43:18)	[ERROR] class mvc.controller.user.LoginController: No existe una cuenta con nombre a
(2026-01-13 17:43:21)	[INFO] class mvc.controller.user.SignUpController: El usuario a ha creado su cuenta correctamente
(2026-01-13 17:43:23)	[INFO] class mvc.controller.user.LoginController: El usuario a ha iniciado sesion
(2026-01-13 17:43:30)	[INFO] class mvc.controller.add.AddCollectionController: El usuario a ha creado una coleccion con nombre asdas
(2026-01-13 17:43:57)	[INFO] class mvc.controller.add.AddCollectionController: El usuario a ha creado una coleccion con nombre Minecraft
(2026-01-13 17:44:09)	[INFO] class mvc.controller.add.AddItemController: El usuario a ha creado un item llamado Stick
(2026-01-13 17:44:14)	[INFO] class mvc.controller.add.AddItemController: El usuario a ha creado un item llamado Stick
(2026-01-13 17:45:03)	[INFO] class command.modify.ModifyEntryCommand: El item con nombre Stick en la coleccion Minecraft ha sido modificada.
(2026-01-13 17:45:28)	[INFO] class mvc.controller.show.entry.data.ShowCollectionDataController: El usuario a ha borrado la coleccion con nombre Minecraft
(2026-01-13 17:45:31)	[INFO] class mvc.controller.show.entry.data.ShowCollectionDataController: El usuario a ha borrado la coleccion con nombre asdas
(2026-01-13 17:45:56)	[INFO] class mvc.controller.add.AddCollectionController: El usuario a ha creado una coleccion con nombre Minecraft
(2026-01-13 17:46:04)	[INFO] class command.modify.ModifyEntryCommand: La coleccion con nombre Minecraft ha sido modificada.
(2026-01-13 17:46:14)	[INFO] class command.modify.ModifyEntryCommand: La coleccion con nombre Minecraft ha sido modificada.
(2026-01-13 17:46:31)	[INFO] class mvc.controller.add.AddItemController: El usuario a ha creado un item llamado Stick
(2026-01-13 17:46:34)	[INFO] class command.modify.ModifyEntryCommand: El item con nombre Stick en la coleccion Minecraft ha sido modificada.
(2026-01-13 17:46:45)	[INFO] class mvc.controller.add.AddItemController: El usuario a ha creado un item llamado Oak Log
(2026-01-13 17:47:02)	[INFO] class mvc.controller.add.AddItemController: El usuario a ha creado un item llamado Oak Planks
(2026-01-13 17:47:19)	[INFO] class mvc.controller.add.AddItemController: El usuario a ha creado un item llamado Chest
(2026-01-13 17:47:34)	[INFO] class mvc.controller.add.AddItemController: El usuario a ha creado un item llamado Iron Ingot
(2026-01-13 17:47:48)	[INFO] class mvc.controller.add.AddItemController: El usuario a ha creado un item llamado Iron Chessplate
(2026-01-13 17:47:58)	[INFO] class command.modify.ModifyEntryCommand: El item con nombre Iron Chessplate en la coleccion Minecraft ha sido modificada.
(2026-01-13 17:48:14)	[INFO] class command.modify.ModifyEntryCommand: El item con nombre Iron Chestplate en la coleccion Minecraft ha sido modificada.
(2026-01-13 17:48:16)	[INFO] class command.modify.ModifyEntryCommand: El item con nombre Iron Chestplate en la coleccion Minecraft ha sido modificada.
(2026-01-13 17:48:40)	[INFO] class mvc.controller.add.AddItemController: El usuario a ha creado un item llamado Iron Pickaxe
(2026-01-13 17:49:20)	[INFO] class mvc.controller.add.AddRecipeController: El usuario a ha creado una receta llamada Iron Pickaxe 1
(2026-01-13 17:50:30)	[INFO] class mvc.model.entries.Recipe con id 14: La receta se ha ejecutado correctamente.
(2026-01-13 17:51:03)	[INFO] class mvc.model.entries.Recipe con id 14: La receta se ha ejecutado correctamente.
(2026-01-13 17:51:05)	[INFO] class mvc.model.entries.Recipe con id 14: La receta se ha ejecutado correctamente.
(2026-01-13 17:51:18)	[INFO] class mvc.model.entries.Recipe con id 14: La receta se ha ejecutado correctamente.
(2026-01-13 17:51:23)	[INFO] class mvc.model.entries.Recipe con id 14: La receta se ha ejecutado correctamente.
(2026-01-13 17:51:51)	[INFO] class mvc.model.entries.Recipe con id 14: La receta se ha ejecutado correctamente.
(2026-01-13 17:51:55)	[INFO] class mvc.model.entries.Recipe con id 14: La receta se ha ejecutado correctamente.
(2026-01-13 17:51:58)	[INFO] class mvc.model.entries.Recipe con id 14: La receta se ha ejecutado correctamente.
(2026-01-13 17:54:03)	[INFO] class mvc.controller.user.LoginController: El usuario a ha iniciado sesion
(2026-01-13 17:54:36)	[INFO] class mvc.model.entries.Recipe con id 14: La receta se ha ejecutado correctamente.
(2026-01-13 17:54:39)	[INFO] class mvc.model.entries.Recipe con id 14: La receta se ha ejecutado correctamente.
(2026-01-13 17:54:41)	[INFO] class mvc.model.entries.Recipe con id 14: La receta se ha ejecutado correctamente.
(2026-01-13 17:54:49)	[INFO] class mvc.model.entries.Recipe con id 14: La receta se ha ejecutado correctamente.
(2026-01-13 17:54:54)	[INFO] class mvc.model.entries.Recipe con id 14: La receta se ha ejecutado correctamente.
(2026-01-13 22:59:30)	[INFO] class mvc.controller.user.LoginController: El usuario a ha iniciado sesion
(2026-01-13 23:55:48)	[INFO] class mvc.controller.user.LoginController: El usuario a ha iniciado sesion
(2026-01-13 23:58:13)	[INFO] class mvc.controller.user.LoginController: El usuario a ha iniciado sesion
(2026-01-13 23:59:56)	[INFO] class mvc.controller.add.AddCollectionController: El usuario a ha creado una coleccion con nombre TW3
(2026-01-14 00:03:58)	[INFO] class mvc.controller.add.AddCollectionController: El usuario a ha creado una coleccion con nombre Satisfactory
(2026-01-14 00:04:14)	[INFO] class mvc.controller.add.AddItemController: El usuario a ha creado un item llamado Iron Rod
(2026-01-14 00:04:28)	[INFO] class mvc.controller.add.AddItemController: El usuario a ha creado un item llamado Iron Plate
(2026-01-14 00:05:07)	[INFO] class mvc.controller.add.AddRecipeController: El usuario a ha creado una receta llamada Portable Miner
(2026-01-14 00:05:27)	[INFO] class mvc.controller.add.AddItemController: El usuario a ha creado un item llamado Portable Miner
(2026-01-14 00:05:57)	[INFO] class mvc.model.entries.Recipe con id 19: La receta se ha ejecutado correctamente.
(2026-01-14 00:05:59)	[INFO] class mvc.model.entries.Recipe con id 19: La receta se ha ejecutado correctamente.
(2026-01-14 00:06:24)	[INFO] class mvc.model.entries.Recipe con id 14: La receta se ha ejecutado correctamente.
(2026-01-14 00:06:46)	[INFO] class mvc.model.entries.Recipe con id 14: La receta se ha ejecutado correctamente.
(2026-01-14 00:06:47)	[INFO] class mvc.model.entries.Recipe con id 14: La receta se ha ejecutado correctamente.
(2026-01-14 00:07:10)	[INFO] class mvc.model.entries.Recipe con id 19: La receta se ha ejecutado correctamente.
(2026-01-14 00:07:30)	[INFO] class command.modify.ModifyEntryCommand: La receta con nombre Portable Miner en la coleccion Satisfactory ha sido modificada.
(2026-01-14 00:08:04)	[INFO] class mvc.model.entries.Recipe con id 14: La receta se ha ejecutado correctamente.
(2026-01-14 00:08:48)	[INFO] class mvc.controller.show.entry.data.ShowRecipeDataController: El usuario a ha borrado la receta con nombre Iron Pickaxe 1 en la coleccion Minecraft
(2026-01-14 00:09:15)	[INFO] class mvc.controller.add.AddRecipeController: El usuario a ha creado una receta llamada Iron Pickaxe
(2026-01-14 00:09:24)	[INFO] class mvc.controller.show.entry.data.ShowRecipeDataController: El usuario a ha borrado la receta con nombre Iron Pickaxe en la coleccion Minecraft
(2026-01-14 00:09:56)	[INFO] class mvc.controller.add.AddRecipeController: El usuario a ha creado una receta llamada Iron Pickaxe
(2026-01-14 00:10:15)	[INFO] class mvc.model.entries.Recipe con id 22: La receta se ha ejecutado correctamente.
(2026-01-14 00:10:50)	[INFO] class mvc.model.entries.Recipe con id 22: La receta se ha ejecutado correctamente.
(2026-01-14 00:11:25)	[INFO] class mvc.controller.user.LoginController: El usuario a ha iniciado sesion
(2026-01-14 00:11:35)	[INFO] class mvc.model.entries.Recipe con id 22: La receta se ha ejecutado correctamente.
(2026-01-14 00:20:23)	[INFO] class mvc.controller.user.LoginController: El usuario a ha iniciado sesion
(2026-01-14 00:20:38)	[INFO] class mvc.model.entries.Recipe con id 22: La receta se ha ejecutado correctamente.
(2026-01-14 00:21:09)	[INFO] class mvc.model.entries.Recipe con id 22: La receta se ha ejecutado correctamente.
(2026-01-14 00:21:27)	[INFO] class mvc.model.entries.Recipe con id 22: La receta se ha ejecutado correctamente.
(2026-01-14 00:23:02)	[INFO] class mvc.controller.user.LoginController: El usuario a ha iniciado sesion
(2026-01-14 00:23:26)	[INFO] class mvc.model.entries.Recipe con id 22: La receta se ha ejecutado correctamente.
(2026-01-14 00:23:50)	[INFO] class mvc.model.entries.Recipe con id 22: La receta se ha ejecutado correctamente.
(2026-01-14 00:24:17)	[INFO] class mvc.model.entries.Recipe con id 22: La receta se ha ejecutado correctamente.
(2026-01-14 00:24:35)	[INFO] class mvc.model.entries.Recipe con id 19: La receta se ha ejecutado correctamente.
(2026-01-14 00:24:35)	[INFO] class mvc.model.entries.Recipe con id 19: La receta se ha ejecutado correctamente.
(2026-01-14 00:25:45)	[INFO] class mvc.controller.user.SignUpController: El usuario b ha creado su cuenta correctamente
(2026-01-14 00:25:49)	[INFO] class mvc.controller.user.LoginController: El usuario b ha iniciado sesion
(2026-01-14 00:27:47)	[INFO] class mvc.controller.add.AddCollectionController: El usuario b ha creado una coleccion con nombre sas
(2026-01-14 00:34:52)	[INFO] class mvc.controller.user.LoginController: El usuario a ha iniciado sesion
(2026-01-14 00:35:04)	[INFO] class mvc.controller.user.LoginController: El usuario b ha iniciado sesion
(2026-01-14 00:48:41)	[INFO] class mvc.controller.user.LoginController: El usuario a ha iniciado sesion
(2026-01-14 00:49:13)	[INFO] class mvc.controller.user.SignUpController: El usuario c ha creado su cuenta correctamente
(2026-01-14 00:49:17)	[INFO] class mvc.controller.user.LoginController: El usuario c ha iniciado sesion
(2026-01-14 00:55:45)	[INFO] class mvc.controller.user.PrivateController: el usuario c ha borrado su cuenta
(2026-01-14 00:55:48)	[INFO] class mvc.controller.user.SignUpController: El usuario c ha creado su cuenta correctamente
(2026-01-14 00:55:52)	[INFO] class mvc.controller.user.LoginController: El usuario c ha iniciado sesion
(2026-01-14 01:04:36)	[INFO] class mvc.controller.user.LoginController: El usuario c ha iniciado sesion
(2026-01-14 01:04:39)	[INFO] class mvc.controller.show.entry.data.ShowCollectionDataController: El usuario c ha borrado la coleccion con nombre Minecraft
(2026-01-14 01:04:42)	[INFO] class mvc.controller.show.entry.data.ShowCollectionDataController: El usuario c ha borrado la coleccion con nombre TW3
(2026-01-14 01:04:45)	[INFO] class mvc.controller.show.entry.data.ShowCollectionDataController: El usuario c ha borrado la coleccion con nombre Satisfactory
(2026-01-14 01:07:14)	[INFO] class mvc.controller.user.PrivateController: el usuario c ha borrado su cuenta
(2026-01-14 01:07:17)	[INFO] class mvc.controller.user.LoginController: El usuario a ha iniciado sesion
(2026-01-14 01:07:40)	[INFO] class mvc.controller.user.SignUpController: El usuario c ha creado su cuenta correctamente
(2026-01-14 01:07:44)	[INFO] class mvc.controller.user.LoginController: El usuario c ha iniciado sesion
(2026-01-14 01:09:32)	[INFO] class mvc.controller.show.entry.data.ShowCollectionDataController: El usuario c ha borrado la coleccion con nombre Minecraft
(2026-01-14 01:09:35)	[INFO] class mvc.controller.show.entry.data.ShowCollectionDataController: El usuario c ha borrado la coleccion con nombre Satisfactory
(2026-01-14 01:09:37)	[INFO] class mvc.controller.show.entry.data.ShowCollectionDataController: El usuario c ha borrado la coleccion con nombre TW3
(2026-01-14 01:10:18)	[INFO] class mvc.controller.user.LoginController: El usuario a ha iniciado sesion
(2026-01-14 01:10:29)	[INFO] class mvc.controller.user.LoginController: El usuario c ha iniciado sesion
(2026-01-14 01:10:34)	[INFO] class mvc.controller.show.entry.data.ShowCollectionDataController: El usuario c ha borrado la coleccion con nombre Minecraft
(2026-01-14 01:10:36)	[INFO] class mvc.controller.show.entry.data.ShowCollectionDataController: El usuario c ha borrado la coleccion con nombre TW3
(2026-01-14 01:10:38)	[INFO] class mvc.controller.show.entry.data.ShowCollectionDataController: El usuario c ha borrado la coleccion con nombre Satisfactory
(2026-01-14 01:15:53)	[INFO] class mvc.controller.user.LoginController: El usuario a ha iniciado sesion
(2026-01-14 01:16:03)	[INFO] class mvc.controller.user.LoginController: El usuario c ha iniciado sesion
(2026-01-14 01:16:08)	[INFO] class mvc.controller.show.entry.data.ShowCollectionDataController: El usuario c ha borrado la coleccion con nombre Minecraft
(2026-01-14 01:16:11)	[INFO] class mvc.controller.show.entry.data.ShowCollectionDataController: El usuario c ha borrado la coleccion con nombre TW3
(2026-01-14 01:16:14)	[INFO] class mvc.controller.show.entry.data.ShowCollectionDataController: El usuario c ha borrado la coleccion con nombre Satisfactory
(2026-01-14 01:18:11)	[INFO] class mvc.controller.user.LoginController: El usuario a ha iniciado sesion
(2026-01-14 01:18:58)	[INFO] class mvc.controller.user.SignUpController: El usuario d ha creado su cuenta correctamente
(2026-01-14 01:19:01)	[INFO] class mvc.controller.user.LoginController: El usuario d ha iniciado sesion
(2026-01-14 01:21:02)	[INFO] class mvc.controller.user.PrivateController: el usuario d ha borrado su cuenta
(2026-01-14 01:21:06)	[INFO] class mvc.controller.user.LoginController: El usuario a ha iniciado sesion
(2026-01-14 01:21:23)	[INFO] class mvc.controller.user.SignUpController: El usuario d ha creado su cuenta correctamente
(2026-01-14 01:21:25)	[INFO] class mvc.controller.user.LoginController: El usuario d ha iniciado sesion
(2026-01-14 01:23:07)	[INFO] class mvc.controller.user.LoginController: El usuario a ha iniciado sesion
(2026-01-14 01:23:15)	[INFO] class mvc.controller.user.LoginController: El usuario c ha iniciado sesion
(2026-01-14 01:23:20)	[INFO] class mvc.controller.show.entry.data.ShowCollectionDataController: El usuario c ha borrado la coleccion con nombre Minecraft
(2026-01-14 01:23:22)	[INFO] class mvc.controller.show.entry.data.ShowCollectionDataController: El usuario c ha borrado la coleccion con nombre TW3
(2026-01-14 01:23:25)	[INFO] class mvc.controller.show.entry.data.ShowCollectionDataController: El usuario c ha borrado la coleccion con nombre Satisfactory
(2026-01-14 01:26:45)	[INFO] class mvc.controller.user.LoginController: El usuario a ha iniciado sesion
(2026-01-14 01:26:55)	[INFO] class mvc.controller.user.LoginController: El usuario c ha iniciado sesion
(2026-01-14 01:27:01)	[INFO] class mvc.controller.show.entry.data.ShowCollectionDataController: El usuario c ha borrado la coleccion con nombre Minecraft
(2026-01-14 01:33:21)	[INFO] class mvc.controller.user.LoginController: El usuario c ha iniciado sesion
(2026-01-14 01:33:25)	[INFO] class mvc.controller.show.entry.data.ShowCollectionDataController: El usuario c ha borrado la coleccion con nombre Minecraft
(2026-01-14 01:42:03)	[INFO] class mvc.controller.user.LoginController: El usuario a ha iniciado sesion
(2026-01-14 01:42:09)	[INFO] class mvc.controller.user.LoginController: El usuario c ha iniciado sesion
(2026-01-14 01:42:14)	[INFO] class mvc.controller.show.entry.data.ShowCollectionDataController: El usuario c ha borrado la coleccion con nombre Minecraft
(2026-01-14 01:42:16)	[INFO] class mvc.controller.show.entry.data.ShowCollectionDataController: El usuario c ha borrado la coleccion con nombre TW3
(2026-01-14 01:42:19)	[INFO] class mvc.controller.show.entry.data.ShowCollectionDataController: El usuario c ha borrado la coleccion con nombre Satisfactory
(2026-01-14 01:42:41)	[INFO] class mvc.model.entries.Recipe con id 128: La receta se ha ejecutado correctamente.
(2026-01-14 01:43:18)	[INFO] class mvc.model.entries.Recipe con id 128: La receta se ha ejecutado correctamente.
(2026-01-14 01:43:31)	[INFO] class mvc.model.entries.Recipe con id 128: La receta se ha ejecutado correctamente.
(2026-01-14 01:43:32)	[INFO] class mvc.model.entries.Recipe con id 128: La receta se ha ejecutado correctamente.
(2026-01-14 07:45:16)	[INFO] class mvc.controller.user.LoginController: El usuario a ha iniciado sesion
(2026-01-14 07:45:27)	[INFO] class mvc.controller.user.SignUpController: El usuario f ha creado su cuenta correctamente
(2026-01-14 07:45:30)	[INFO] class mvc.controller.user.LoginController: El usuario f ha iniciado sesion
(2026-01-14 07:46:06)	[INFO] class mvc.model.entries.Recipe con id 150: La receta se ha ejecutado correctamente.
(2026-01-14 07:46:06)	[INFO] class mvc.model.entries.Recipe con id 150: La receta se ha ejecutado correctamente.
(2026-01-14 14:08:49)	[INFO] class mvc.controller.user.LoginController: El usuario a ha iniciado sesion
(2026-01-14 14:21:43)	[INFO] class mvc.controller.user.LoginController: El usuario a ha iniciado sesion
(2026-01-14 14:23:22)	[INFO] class mvc.controller.user.LoginController: El usuario a ha iniciado sesion
(2026-01-14 14:24:39)	[INFO] class mvc.controller.user.LoginController: El usuario a ha iniciado sesion
(2026-01-14 14:34:45)	[INFO] class mvc.controller.user.LoginController: El usuario a ha iniciado sesion
(2026-01-14 14:35:59)	[INFO] class mvc.controller.user.LoginController: El usuario a ha iniciado sesion
(2026-01-14 14:43:58)	[INFO] class mvc.controller.user.LoginController: El usuario a ha iniciado sesion
(2026-01-14 14:50:38)	[INFO] class mvc.controller.user.LoginController: El usuario a ha iniciado sesion
(2026-01-14 14:57:17)	[INFO] class mvc.controller.user.LoginController: El usuario a ha iniciado sesion
(2026-01-14 15:02:28)	[INFO] class mvc.controller.user.LoginController: El usuario a ha iniciado sesion
(2026-01-14 15:06:03)	[INFO] class mvc.controller.user.LoginController: El usuario a ha iniciado sesion
(2026-01-14 15:19:56)	[INFO] class mvc.controller.user.LoginController: El usuario a ha iniciado sesion
(2026-01-14 15:34:28)	[ERROR] class mvc.controller.user.LoginController: No existe una cuenta con nombre 
(2026-01-14 15:35:13)	[ERROR] class mvc.controller.user.LoginController: No existe una cuenta con nombre 
(2026-01-14 15:36:44)	[INFO] class mvc.controller.user.LoginController: El usuario a ha iniciado sesion
(2026-01-14 15:37:58)	[INFO] class mvc.controller.user.LoginController: El usuario a ha iniciado sesion
(2026-01-14 15:40:58)	[INFO] class mvc.controller.user.LoginController: El usuario a ha iniciado sesion
(2026-01-14 15:41:55)	[INFO] class mvc.controller.user.LoginController: El usuario a ha iniciado sesion
(2026-01-14 15:43:46)	[INFO] class mvc.controller.user.LoginController: El usuario a ha iniciado sesion
(2026-01-14 15:46:29)	[INFO] class mvc.controller.user.LoginController: El usuario a ha iniciado sesion
(2026-01-14 15:49:50)	[INFO] class mvc.controller.add.AddCollectionController: El usuario a ha creado una coleccion con nombre Algo
(2026-01-14 15:49:57)	[INFO] class mvc.controller.add.AddItemController: El usuario a ha creado un item llamado sws
(2026-01-14 15:50:01)	[INFO] class mvc.controller.add.AddItemController: El usuario a ha creado un item llamado ses
(2026-01-14 15:50:04)	[INFO] class mvc.controller.add.AddItemController: El usuario a ha creado un item llamado sas
(2026-01-14 15:50:12)	[INFO] class mvc.controller.add.AddRecipeController: El usuario a ha creado una receta llamada ses
(2026-01-14 15:50:22)	[INFO] class mvc.controller.add.AddRecipeController: El usuario a ha creado una receta llamada sas
(2026-01-14 15:51:31)	[INFO] class mvc.controller.user.LoginController: El usuario a ha iniciado sesion
(2026-01-14 15:51:45)	[INFO] class command.modify.ModifyEntryCommand: La receta con nombre Iron Pickaxe en la coleccion Minecraft ha sido modificada.
(2026-01-14 15:59:46)	[ERROR] class mvc.controller.user.LoginController: Contraseña incorrecta para el usuario a
(2026-01-14 15:59:49)	[ERROR] class mvc.controller.user.LoginController: Contraseña incorrecta para el usuario a
(2026-01-14 15:59:56)	[INFO] class mvc.controller.user.LoginController: El usuario a ha iniciado sesion
(2026-01-14 16:04:10)	[INFO] class mvc.controller.user.LoginController: El usuario a ha iniciado sesion
(2026-01-14 16:04:45)	[INFO] class mvc.controller.user.LoginController: El usuario a ha iniciado sesion
(2026-01-14 16:25:49)	[INFO] class mvc.controller.user.LoginController: El usuario a ha iniciado sesion
(2026-01-14 16:31:33)	[INFO] class mvc.controller.user.LoginController: El usuario a ha iniciado sesion
(2026-01-14 16:35:22)	[INFO] class mvc.controller.user.LoginController: El usuario a ha iniciado sesion
(2026-01-14 16:35:55)	[INFO] class mvc.controller.user.SignUpController: El usuario Sergio Aisa ha creado su cuenta correctamente
(2026-01-14 16:36:03)	[INFO] class mvc.controller.user.LoginController: El usuario Sergio Aisa ha iniciado sesion
(2026-01-14 16:40:14)	[INFO] class mvc.controller.user.LoginController: El usuario a ha iniciado sesion
(2026-01-14 16:40:30)	[INFO] class mvc.controller.user.LoginController: El usuario Sergio Aisa ha iniciado sesion
(2026-01-14 16:42:35)	[INFO] class mvc.controller.user.LoginController: El usuario Sergio Aisa ha iniciado sesion
(2026-01-14 16:45:18)	[INFO] class mvc.controller.user.LoginController: El usuario a ha iniciado sesion
(2026-01-14 16:45:27)	[INFO] class mvc.controller.user.LoginController: El usuario Sergio Aisa ha iniciado sesion
(2026-01-14 18:48:46)	[INFO] class mvc.model.entries.Recipe con id 166: La receta se ha ejecutado correctamente.
(2026-01-14 18:49:38)	[INFO] class mvc.model.entries.Recipe con id 166: La receta se ha ejecutado correctamente.
(2026-01-14 18:50:32)	[INFO] class mvc.model.entries.Recipe con id 166: La receta se ha ejecutado correctamente.
(2026-01-14 18:50:48)	[INFO] class mvc.model.entries.Recipe con id 166: La receta se ha ejecutado correctamente.
(2026-01-14 18:51:09)	[INFO] class mvc.model.entries.Recipe con id 166: La receta se ha ejecutado correctamente.
(2026-01-14 18:51:14)	[INFO] class mvc.model.entries.Recipe con id 166: La receta se ha ejecutado correctamente.
(2026-01-14 18:51:20)	[INFO] class mvc.model.entries.Recipe con id 166: La receta se ha ejecutado correctamente.
(2026-01-14 18:51:21)	[INFO] class mvc.model.entries.Recipe con id 166: La receta se ha ejecutado correctamente.
(2026-01-14 19:36:10)	[INFO] class mvc.controller.user.LoginController: El usuario a ha iniciado sesion
(2026-01-14 20:44:43)	[INFO] class command.modify.ModifyEntryCommand: El item con nombre Stick en la coleccion Minecraft ha sido modificada.
(2026-01-14 21:02:49)	[INFO] class mvc.controller.user.LoginController: El usuario a ha iniciado sesion
(2026-01-14 23:01:21)	[INFO] class mvc.controller.user.LoginController: El usuario a ha iniciado sesion
(2026-01-14 23:06:46)	[INFO] class mvc.controller.user.LoginController: El usuario a ha iniciado sesion
(2026-01-15 01:04:22)	[INFO] class mvc.controller.user.LoginController: El usuario a ha iniciado sesion
(2026-01-15 01:04:32)	[INFO] class mvc.controller.show.entry.data.ShowRecipeDataController: El usuario a ha eliminado el input sas en la receta sas en la coleccion Algo
(2026-01-15 01:04:33)	[INFO] class mvc.controller.show.entry.data.ShowRecipeDataController: El usuario a ha eliminado el output sas en la receta sas en la coleccion Algo
(2026-01-15 01:04:47)	[INFO] class mvc.controller.show.entry.data.ShowRecipeDataController: El usuario a ha borrado la receta con nombre ses en la coleccion Algo
(2026-01-15 01:04:50)	[INFO] class mvc.controller.show.entry.data.ShowRecipeDataController: El usuario a ha borrado la receta con nombre sas en la coleccion Algo
(2026-01-15 01:05:29)	[ERROR] class mvc.controller.user.LoginController: No existe una cuenta con nombre warframe
(2026-01-15 01:05:35)	[INFO] class mvc.controller.user.SignUpController: El usuario warframe ha creado su cuenta correctamente
(2026-01-15 01:05:37)	[INFO] class mvc.controller.user.LoginController: El usuario warframe ha iniciado sesion
(2026-01-15 01:12:03)	[INFO] class mvc.controller.add.AddCollectionController: El usuario warframe ha creado una coleccion con nombre Warframe
(2026-01-15 01:12:18)	[INFO] class mvc.controller.add.AddItemController: El usuario warframe ha creado un item llamado Neurodos
(2026-01-15 01:12:33)	[INFO] class mvc.controller.add.AddItemController: El usuario warframe ha creado un item llamado Sensores Neuronales
(2026-01-15 01:12:41)	[INFO] class mvc.controller.add.AddItemController: El usuario warframe ha creado un item llamado Ferrita
(2026-01-15 01:12:56)	[INFO] class mvc.controller.add.AddItemController: El usuario warframe ha creado un item llamado Restos
(2026-01-15 01:13:39)	[INFO] class mvc.controller.add.AddItemController: El usuario warframe ha creado un item llamado Celula Orokin
(2026-01-15 01:13:54)	[INFO] class mvc.controller.add.AddItemController: El usuario warframe ha creado un item llamado Mórficos
(2026-01-15 01:14:09)	[INFO] class mvc.controller.add.AddItemController: El usuario warframe ha creado un item llamado Forma
(2026-01-15 01:14:19)	[INFO] class mvc.controller.add.AddItemController: El usuario warframe ha creado un item llamado Creditos
(2026-01-15 01:14:34)	[INFO] class mvc.controller.add.AddItemController: El usuario warframe ha creado un item llamado Cifrador
(2026-01-15 01:15:28)	[INFO] class mvc.controller.add.AddRecipeController: El usuario warframe ha creado una receta llamada Cifrador 
(2026-01-15 01:16:45)	[INFO] class mvc.controller.add.AddRecipeController: El usuario warframe ha creado una receta llamada Forma
(2026-01-15 01:17:15)	[INFO] class mvc.model.entries.Recipe con id 184: La receta se ha ejecutado correctamente.
(2026-01-15 01:17:16)	[INFO] class mvc.model.entries.Recipe con id 184: La receta se ha ejecutado correctamente.
(2026-01-15 01:17:45)	[INFO] class mvc.model.entries.Recipe con id 185: La receta se ha ejecutado correctamente.
(2026-01-15 01:17:45)	[INFO] class mvc.model.entries.Recipe con id 185: La receta se ha ejecutado correctamente.
(2026-01-15 01:17:46)	[INFO] class mvc.model.entries.Recipe con id 185: La receta se ha ejecutado correctamente.
(2026-01-15 01:18:09)	[INFO] class mvc.controller.show.entry.data.ShowRecipeDataController: El usuario warframe ha borrado la receta con nombre Cifrador  en la coleccion Warframe
(2026-01-15 01:18:59)	[INFO] class mvc.controller.add.AddRecipeController: El usuario warframe ha creado una receta llamada Cifrador
(2026-01-15 01:20:25)	[INFO] class mvc.controller.user.LoginController: El usuario warframe ha iniciado sesion
(2026-01-15 01:24:51)	[INFO] class mvc.controller.add.AddItemController: El usuario warframe ha creado un item llamado a
(2026-01-15 01:24:55)	[INFO] class mvc.controller.show.entry.data.ShowRecipeDataController: El usuario warframe ha creado el output a en la receta Cifrador en la coleccion Warframe
(2026-01-15 01:24:58)	[INFO] class mvc.controller.show.entry.data.ShowRecipeDataController: El usuario warframe ha creado el output Cifrador en la receta Cifrador en la coleccion Warframe
(2026-01-15 01:24:59)	[INFO] class mvc.controller.show.entry.data.ShowRecipeDataController: El usuario warframe ha eliminado el output Cifrador en la receta Cifrador en la coleccion Warframe
(2026-01-15 01:25:22)	[INFO] class mvc.controller.show.entry.data.ShowRecipeDataController: El usuario warframe ha eliminado el output a en la receta Cifrador en la coleccion Warframe
(2026-01-15 01:25:28)	[INFO] class mvc.controller.show.entry.data.ShowRecipeDataController: El usuario warframe ha creado el output Cifrador en la receta Cifrador en la coleccion Warframe
(2026-01-15 01:25:29)	[INFO] class mvc.controller.show.entry.data.ShowRecipeDataController: El usuario warframe ha eliminado el output Forma en la receta Cifrador en la coleccion Warframe
(2026-01-15 01:25:30)	[INFO] class mvc.controller.show.entry.data.ShowRecipeDataController: El usuario warframe ha eliminado el input Neurodos en la receta Cifrador en la coleccion Warframe
(2026-01-15 01:25:30)	[INFO] class mvc.controller.show.entry.data.ShowRecipeDataController: El usuario warframe ha eliminado el input Sensores Neuronales en la receta Cifrador en la coleccion Warframe
(2026-01-15 01:25:31)	[INFO] class mvc.controller.show.entry.data.ShowRecipeDataController: El usuario warframe ha eliminado el input Celula Orokin en la receta Cifrador en la coleccion Warframe
(2026-01-15 01:25:31)	[INFO] class mvc.controller.show.entry.data.ShowRecipeDataController: El usuario warframe ha eliminado el input Mórficos en la receta Cifrador en la coleccion Warframe
(2026-01-15 01:25:33)	[INFO] class mvc.controller.show.entry.data.ShowRecipeDataController: El usuario warframe ha creado el input Ferrita en la receta Cifrador en la coleccion Warframe
(2026-01-15 01:25:34)	[INFO] class mvc.controller.show.entry.data.ShowRecipeDataController: El usuario warframe ha cambiado la cantidad a 2 del input Ferrita en la receta Cifrador en la coleccion Warframe
(2026-01-15 01:25:35)	[INFO] class mvc.controller.show.entry.data.ShowRecipeDataController: El usuario warframe ha cambiado la cantidad a 20 del input Ferrita en la receta Cifrador en la coleccion Warframe
(2026-01-15 01:25:35)	[INFO] class mvc.controller.show.entry.data.ShowRecipeDataController: El usuario warframe ha cambiado la cantidad a 200 del input Ferrita en la receta Cifrador en la coleccion Warframe
(2026-01-15 01:25:37)	[INFO] class mvc.controller.show.entry.data.ShowRecipeDataController: El usuario warframe ha eliminado el input Creditos en la receta Cifrador en la coleccion Warframe
(2026-01-15 01:25:40)	[INFO] class mvc.controller.show.entry.data.ShowRecipeDataController: El usuario warframe ha creado el input Restos en la receta Cifrador en la coleccion Warframe
(2026-01-15 01:25:41)	[INFO] class mvc.controller.show.entry.data.ShowRecipeDataController: El usuario warframe ha cambiado la cantidad a 2 del input Restos en la receta Cifrador en la coleccion Warframe
(2026-01-15 01:25:42)	[INFO] class mvc.controller.show.entry.data.ShowRecipeDataController: El usuario warframe ha cambiado la cantidad a 20 del input Restos en la receta Cifrador en la coleccion Warframe
(2026-01-15 01:25:42)	[INFO] class mvc.controller.show.entry.data.ShowRecipeDataController: El usuario warframe ha cambiado la cantidad a 200 del input Restos en la receta Cifrador en la coleccion Warframe
(2026-01-15 01:28:59)	[INFO] class mvc.controller.user.LoginController: El usuario a ha iniciado sesion
(2026-01-15 01:35:25)	[INFO] class mvc.controller.user.LoginController: El usuario warframe ha iniciado sesion
(2026-01-15 01:53:54)	[INFO] class mvc.controller.user.LoginController: El usuario a ha iniciado sesion
(2026-01-15 01:57:42)	[INFO] class mvc.controller.user.LoginController: El usuario Sergio Aisa ha iniciado sesion
(2026-01-15 02:01:32)	[INFO] class command.modify.ModifyEntryCommand: La coleccion con nombre Minecraft ha sido modificada.
(2026-01-15 02:07:04)	[INFO] class mvc.controller.user.LoginController: El usuario Sergio Aisa ha iniciado sesion
(2026-01-15 02:20:52)	[INFO] class mvc.controller.user.LoginController: El usuario a ha iniciado sesion
(2026-01-15 02:23:00)	[INFO] class mvc.controller.user.LoginController: El usuario a ha iniciado sesion
(2026-01-15 02:24:57)	[INFO] class mvc.controller.user.LoginController: El usuario a ha iniciado sesion
(2026-01-15 02:27:06)	[INFO] class mvc.model.entries.Recipe con id 22: La receta se ha ejecutado correctamente.
(2026-01-15 02:27:08)	[INFO] class mvc.model.entries.Recipe con id 22: La receta se ha ejecutado correctamente.
(2026-01-15 02:27:11)	[INFO] class mvc.model.entries.Recipe con id 22: La receta se ha ejecutado correctamente.
(2026-01-15 02:28:49)	[INFO] class mvc.model.entries.Recipe con id 22: La receta se ha ejecutado correctamente.
(2026-01-15 02:30:32)	[INFO] class mvc.model.entries.Recipe con id 22: La receta se ha ejecutado correctamente.
(2026-01-15 02:30:48)	[INFO] class mvc.model.entries.Recipe con id 22: La receta se ha ejecutado correctamente.
(2026-01-15 02:33:27)	[INFO] class mvc.controller.user.LoginController: El usuario a ha iniciado sesion
(2026-01-15 02:35:26)	[INFO] class mvc.controller.user.LoginController: El usuario a ha iniciado sesion
(2026-01-15 02:59:10)	[INFO] class mvc.controller.user.LoginController: El usuario a ha iniciado sesion
(2026-01-15 03:00:58)	[INFO] class mvc.model.entries.Recipe con id 22: La receta se ha ejecutado correctamente.
(2026-01-15 03:01:04)	[INFO] class mvc.model.entries.Recipe con id 22: La receta se ha ejecutado correctamente.
(2026-01-15 03:03:12)	[INFO] class mvc.model.entries.Recipe con id 22: La receta se ha ejecutado correctamente.
(2026-01-15 03:03:16)	[INFO] class mvc.model.entries.Recipe con id 22: La receta se ha ejecutado correctamente.
(2026-01-15 03:03:23)	[INFO] class mvc.model.entries.Recipe con id 22: La receta se ha ejecutado correctamente.
(2026-01-15 03:03:53)	[INFO] class mvc.model.entries.Recipe con id 22: La receta se ha ejecutado correctamente.
(2026-01-15 03:10:37)	[INFO] class mvc.controller.user.LoginController: El usuario a ha iniciado sesion
(2026-01-15 03:10:52)	[INFO] class mvc.model.entries.Recipe con id 22: La receta se ha ejecutado correctamente.
(2026-01-15 03:10:52)	[INFO] class mvc.model.entries.Recipe con id 22: La receta se ha ejecutado correctamente.
(2026-01-15 03:10:53)	[INFO] class mvc.model.entries.Recipe con id 22: La receta se ha ejecutado correctamente.
(2026-01-15 03:12:53)	[INFO] class mvc.controller.user.LoginController: El usuario a ha iniciado sesion
(2026-01-15 03:13:04)	[INFO] class mvc.model.entries.Recipe con id 22: La receta se ha ejecutado correctamente.
(2026-01-15 03:13:35)	[INFO] class mvc.model.entries.Recipe con id 22: La receta se ha ejecutado correctamente.
(2026-01-15 03:13:43)	[INFO] class mvc.model.entries.Recipe con id 22: La receta se ha ejecutado correctamente.
(2026-01-15 03:16:06)	[INFO] class mvc.controller.user.LoginController: El usuario a ha iniciado sesion
(2026-01-15 03:16:32)	[INFO] class mvc.model.entries.Recipe con id 22: La receta se ha ejecutado correctamente.
(2026-01-15 03:16:34)	[INFO] class mvc.model.entries.Recipe con id 22: La receta se ha ejecutado correctamente.
(2026-01-15 03:16:45)	[INFO] class mvc.model.entries.Recipe con id 22: La receta se ha ejecutado correctamente.
(2026-01-15 03:17:01)	[INFO] class mvc.model.entries.Recipe con id 22: La receta se ha ejecutado correctamente.
(2026-01-15 03:19:52)	[INFO] class mvc.controller.user.LoginController: El usuario a ha iniciado sesion
(2026-01-15 03:20:09)	[INFO] class mvc.model.entries.Recipe con id 22: La receta se ha ejecutado correctamente.
(2026-01-15 03:22:35)	[INFO] class mvc.controller.user.LoginController: El usuario a ha iniciado sesion
(2026-01-15 03:23:22)	[INFO] class mvc.controller.user.LoginController: El usuario a ha iniciado sesion
(2026-01-15 03:25:35)	[INFO] class mvc.controller.user.LoginController: El usuario a ha iniciado sesion
(2026-01-15 03:25:48)	[INFO] class mvc.model.entries.Recipe con id 22: La receta se ha ejecutado correctamente.
(2026-01-15 03:26:04)	[INFO] class mvc.controller.show.entry.data.ShowCollectionDataController: El usuario a ha borrado la coleccion con nombre Algo
(2026-01-15 03:27:04)	[INFO] class command.modify.ModifyEntryCommand: El item con nombre Stick en la coleccion Minecraft ha sido modificada.
(2026-01-15 03:27:24)	[INFO] class command.modify.ModifyEntryCommand: El item con nombre Oak Log en la coleccion Minecraft ha sido modificada.
(2026-01-15 03:27:47)	[INFO] class command.modify.ModifyEntryCommand: El item con nombre Oak Planks en la coleccion Minecraft ha sido modificada.
(2026-01-15 03:28:17)	[INFO] class command.modify.ModifyEntryCommand: El item con nombre Chest en la coleccion Minecraft ha sido modificada.
(2026-01-15 03:28:38)	[INFO] class command.modify.ModifyEntryCommand: El item con nombre Iron Ingot en la coleccion Minecraft ha sido modificada.
(2026-01-15 03:28:55)	[INFO] class command.modify.ModifyEntryCommand: El item con nombre Iron Chestplate en la coleccion Minecraft ha sido modificada.
(2026-01-15 03:29:25)	[INFO] class command.modify.ModifyEntryCommand: El item con nombre Iron Pickaxe en la coleccion Minecraft ha sido modificada.
(2026-01-15 03:30:12)	[INFO] class mvc.controller.add.AddRecipeController: El usuario a ha creado una receta llamada Oak Planks 1 en la coleccion Minecraft
(2026-01-15 03:30:39)	[INFO] class mvc.controller.add.AddRecipeController: El usuario a ha creado una receta llamada Stick 1 en la coleccion Minecraft
(2026-01-15 03:31:09)	[INFO] class mvc.controller.add.AddRecipeController: El usuario a ha creado una receta llamada Stick 2 en la coleccion Minecraft
(2026-01-15 03:31:14)	[INFO] class mvc.controller.show.entry.data.ShowRecipeDataController: El usuario a ha creado el output Stick en la receta Stick 1 en la coleccion Minecraft
(2026-01-15 03:31:15)	[INFO] class mvc.controller.show.entry.data.ShowRecipeDataController: El usuario a ha cambiado la cantidad a 11 del output Stick en la receta Stick 1 en la coleccion Minecraft
(2026-01-15 03:31:16)	[INFO] class mvc.controller.show.entry.data.ShowRecipeDataController: El usuario a ha cambiado la cantidad a 1 del output Stick en la receta Stick 1 en la coleccion Minecraft
(2026-01-15 03:31:16)	[INFO] class mvc.controller.show.entry.data.ShowRecipeDataController: El usuario a ha cambiado la cantidad a 12 del output Stick en la receta Stick 1 en la coleccion Minecraft
(2026-01-15 03:31:17)	[INFO] class mvc.controller.show.entry.data.ShowRecipeDataController: El usuario a ha eliminado el output Oak Planks en la receta Stick 1 en la coleccion Minecraft
(2026-01-15 03:31:55)	[INFO] class mvc.controller.add.AddRecipeController: El usuario a ha creado una receta llamada Iron Plate en la coleccion Minecraft
(2026-01-15 03:32:37)	[INFO] class mvc.controller.add.AddRecipeController: El usuario a ha creado una receta llamada Oak Chess en la coleccion Minecraft
(2026-01-15 03:32:49)	[INFO] class command.modify.ModifyEntryCommand: La receta con nombre Oak Chest en la coleccion Minecraft ha sido modificada.
(2026-01-15 03:33:13)	[INFO] class mvc.model.entries.Recipe con id 19: La receta se ha ejecutado correctamente.
(2026-01-15 03:33:14)	[INFO] class mvc.model.entries.Recipe con id 19: La receta se ha ejecutado correctamente.
(2026-01-15 03:33:42)	[INFO] class mvc.controller.user.LoginController: El usuario warframe ha iniciado sesion
(2026-01-15 03:34:04)	[INFO] class mvc.controller.user.LoginController: El usuario a ha iniciado sesion
(2026-01-15 03:34:58)	[INFO] class mvc.controller.show.entry.data.ShowCollectionDataController: El usuario a ha borrado la coleccion con nombre Warframe
(2026-01-15 03:35:14)	[INFO] class command.modify.ModifyEntryCommand: La coleccion con nombre Warframe ha sido modificada.
(2026-01-15 03:35:17)	[INFO] class mvc.controller.show.entry.data.ShowCollectionDataController: El usuario a ha borrado la coleccion con nombre Warframe
(2026-01-15 03:36:15)	[INFO] class mvc.controller.user.LoginController: El usuario warframe ha iniciado sesion
(2026-01-15 03:36:47)	[INFO] class mvc.controller.user.LoginController: El usuario a ha iniciado sesion
(2026-01-15 03:37:14)	[INFO] class mvc.controller.user.LoginController: El usuario warframe ha iniciado sesion
(2026-01-15 03:38:01)	[INFO] class mvc.controller.user.LoginController: El usuario a ha iniciado sesion
(2026-01-15 03:38:20)	[INFO] class mvc.controller.user.LoginController: El usuario b ha iniciado sesion
(2026-01-15 03:38:25)	[INFO] class mvc.controller.show.entry.data.ShowCollectionDataController: El usuario b ha borrado la coleccion con nombre sas
(2026-01-15 03:38:27)	[INFO] class mvc.controller.show.entry.data.ShowCollectionDataController: El usuario b ha borrado la coleccion con nombre Minecraft
(2026-01-15 03:38:30)	[INFO] class mvc.controller.show.entry.data.ShowCollectionDataController: El usuario b ha borrado la coleccion con nombre TW3
(2026-01-15 03:38:32)	[INFO] class mvc.controller.show.entry.data.ShowCollectionDataController: El usuario b ha borrado la coleccion con nombre Satisfactory
(2026-01-15 03:39:08)	[INFO] class mvc.controller.user.LoginController: El usuario a ha iniciado sesion
(2026-01-18 01:42:31)	[INFO] class mvc.controller.user.LoginController: El usuario a ha iniciado sesion
(2026-01-18 02:50:42)	[INFO] class mvc.controller.user.LoginController: El usuario a ha iniciado sesion
(2026-01-18 03:15:31)	[INFO] class mvc.controller.user.LoginController: El usuario a ha iniciado sesion
(2026-01-18 03:16:58)	[INFO] class mvc.controller.user.LoginController: El usuario a ha iniciado sesion
(2026-01-18 03:17:39)	[INFO] class mvc.controller.user.LoginController: El usuario a ha iniciado sesion
(2026-01-18 03:28:58)	[INFO] class mvc.controller.user.LoginController: El usuario a ha iniciado sesion
(2026-01-18 03:31:48)	[INFO] class mvc.controller.user.LoginController: El usuario a ha iniciado sesion
(2026-01-18 03:50:06)	[INFO] class mvc.controller.user.LoginController: El usuario a ha iniciado sesion
(2026-01-18 03:51:25)	[INFO] class mvc.controller.user.LoginController: El usuario a ha iniciado sesion
(2026-01-18 03:52:57)	[INFO] class mvc.controller.user.LoginController: El usuario a ha iniciado sesion
(2026-01-18 04:02:25)	[ERROR] class mvc.controller.user.LoginController: No existe una cuenta con nombre aa
(2026-01-18 04:02:28)	[INFO] class mvc.controller.user.LoginController: El usuario a ha iniciado sesion
(2026-01-18 04:04:01)	[INFO] class mvc.controller.user.LoginController: El usuario a ha iniciado sesion
(2026-01-18 05:01:54)	[INFO] class mvc.controller.user.LoginController: El usuario a ha iniciado sesion
(2026-01-18 05:07:54)	[INFO] class mvc.controller.user.LoginController: El usuario a ha iniciado sesion
(2026-01-18 05:11:19)	[INFO] class mvc.controller.user.LoginController: El usuario a ha iniciado sesion
(2026-01-18 05:11:24)	[WARNING] class mvc.controller.show.entry.data.ShowItemDataController: goBack sin contexto de navegación
(2026-01-18 05:11:24)	[WARNING] class mvc.controller.show.entry.data.ShowItemDataController: goBack sin contexto de navegación
(2026-01-18 05:11:24)	[WARNING] class mvc.controller.show.entry.data.ShowItemDataController: goBack sin contexto de navegación
(2026-01-18 05:11:24)	[WARNING] class mvc.controller.show.entry.data.ShowItemDataController: goBack sin contexto de navegación
(2026-01-18 05:11:27)	[WARNING] class mvc.controller.show.entry.data.ShowItemDataController: goBack sin contexto de navegación
(2026-01-18 05:11:27)	[WARNING] class mvc.controller.show.entry.data.ShowItemDataController: goBack sin contexto de navegación
(2026-01-18 05:11:27)	[WARNING] class mvc.controller.show.entry.data.ShowItemDataController: goBack sin contexto de navegación
(2026-01-18 05:12:48)	[INFO] class mvc.controller.user.LoginController: El usuario a ha iniciado sesion
(2026-01-18 05:15:16)	[INFO] class mvc.controller.user.LoginController: El usuario a ha iniciado sesion
(2026-01-18 19:49:25)	[INFO] class mvc.controller.user.LoginController: El usuario a ha iniciado sesion
(2026-01-20 15:56:15)	[INFO] class mvc.controller.user.SignUpController: El usuario Seka48 ha creado su cuenta correctamente
(2026-01-20 15:56:30)	[INFO] class mvc.controller.user.LoginController: El usuario Seka48 ha iniciado sesion
(2026-01-20 15:59:59)	[INFO] class mvc.controller.user.LoginController: El usuario Seka48 ha iniciado sesion
(2026-01-20 16:01:35)	[INFO] class mvc.controller.user.SignUpController: El usuario a ha creado su cuenta correctamente
(2026-01-20 16:01:42)	[INFO] class mvc.controller.user.LoginController: El usuario a ha iniciado sesion
(2026-01-20 23:01:29)	[ERROR] class mvc.controller.user.LoginController: No existe una cuenta con nombre a
(2026-01-20 23:01:38)	[INFO] class mvc.controller.user.SignUpController: El usuario a ha creado su cuenta correctamente
(2026-01-20 23:01:39)	[INFO] class mvc.controller.user.LoginController: El usuario a ha iniciado sesion
(2026-01-20 23:46:35)	[INFO] class mvc.controller.user.SignUpController: El usuario b ha creado su cuenta correctamente
(2026-01-20 23:46:39)	[INFO] class mvc.controller.user.LoginController: El usuario b ha iniciado sesion
(2026-01-20 23:48:46)	[INFO] class mvc.controller.add.AddCollectionController: El usuario b ha creado una coleccion con nombre Huevos
(2026-01-20 23:49:11)	[INFO] class command.modify.ModifyEntryCommand: La coleccion con nombre sas ha sido modificada.
(2026-01-20 23:49:17)	[INFO] class command.modify.ModifyEntryCommand: La coleccion con nombre Huevos ha sido modificada.
(2026-01-20 23:49:40)	[INFO] class mvc.controller.add.AddItemController: El usuario b ha creado un item llamado Berserk en la coleccion Huevos
(2026-01-20 23:50:22)	[INFO] class mvc.controller.add.AddItemController: El usuario b ha creado un item llamado Navidad en la coleccion Huevos
(2026-01-20 23:50:45)	[INFO] class mvc.controller.add.AddItemController: El usuario b ha creado un item llamado Hueralt en la coleccion Huevos
(2026-01-20 23:51:16)	[INFO] class mvc.controller.add.AddRecipeController: El usuario b ha creado una receta llamada Hueralt en la coleccion Huevos
(2026-01-20 23:55:13)	[INFO] class mvc.model.entries.Recipe con id 36: La receta se ha ejecutado correctamente.
(2026-01-20 23:55:19)	[INFO] class mvc.model.entries.Recipe con id 36: La receta se ha ejecutado correctamente.
(2026-01-20 23:56:09)	[INFO] class mvc.model.entries.Recipe con id 40: La receta se ha ejecutado correctamente.
(2026-01-20 23:57:32)	[INFO] class mvc.model.entries.Recipe con id 36: La receta se ha ejecutado correctamente.
(2026-01-20 23:59:40)	[INFO] class command.modify.ModifyEntryCommand: El item con nombre Iron Pickaxe en la coleccion Minecraft ha sido modificada.
(2026-01-21 00:01:11)	[WARNING] class mvc.controller.show.entry.data.ShowItemDataController: goBack sin contexto de navegación
(2026-01-21 00:01:12)	[WARNING] class mvc.controller.show.entry.data.ShowItemDataController: goBack sin contexto de navegación
(2026-01-21 00:01:12)	[WARNING] class mvc.controller.show.entry.data.ShowItemDataController: goBack sin contexto de navegación
(2026-01-21 00:01:14)	[WARNING] class mvc.controller.show.entry.data.ShowItemDataController: goBack sin contexto de navegación
(2026-01-21 00:01:14)	[WARNING] class mvc.controller.show.entry.data.ShowItemDataController: goBack sin contexto de navegación
(2026-01-21 00:01:15)	[WARNING] class mvc.controller.show.entry.data.ShowItemDataController: goBack sin contexto de navegación
(2026-01-21 00:01:15)	[WARNING] class mvc.controller.show.entry.data.ShowItemDataController: goBack sin contexto de navegación
(2026-01-21 00:01:15)	[WARNING] class mvc.controller.show.entry.data.ShowItemDataController: goBack sin contexto de navegación
(2026-01-21 00:01:15)	[WARNING] class mvc.controller.show.entry.data.ShowItemDataController: goBack sin contexto de navegación
(2026-01-21 00:01:15)	[WARNING] class mvc.controller.show.entry.data.ShowItemDataController: goBack sin contexto de navegación
(2026-01-21 00:01:15)	[WARNING] class mvc.controller.show.entry.data.ShowItemDataController: goBack sin contexto de navegación
(2026-01-21 00:01:15)	[WARNING] class mvc.controller.show.entry.data.ShowItemDataController: goBack sin contexto de navegación
(2026-01-21 00:01:27)	[ERROR] class mvc.controller.user.LoginController: Contraseña incorrecta para el usuario A
(2026-01-21 00:01:29)	[INFO] class mvc.controller.user.LoginController: El usuario a ha iniciado sesion
(2026-01-21 00:39:23)	[INFO] class mvc.controller.user.LoginController: El usuario a ha iniciado sesion
(2026-01-21 01:45:22)	[INFO] class mvc.controller.user.LoginController: El usuario a ha iniciado sesion
(2026-01-21 01:45:45)	[INFO] class mvc.controller.user.LoginController: El usuario a ha iniciado sesion
(2026-01-21 01:45:59)	[INFO] class command.modify.ModifyEntryCommand: El item con nombre Stick en la coleccion Minecraft ha sido modificada.
(2026-01-21 01:46:00)	[WARNING] class mvc.controller.show.entry.data.ShowItemDataController: goBack sin contexto de navegación
(2026-01-21 01:46:01)	[WARNING] class mvc.controller.show.entry.data.ShowItemDataController: goBack sin contexto de navegación
(2026-01-21 01:46:01)	[WARNING] class mvc.controller.show.entry.data.ShowItemDataController: goBack sin contexto de navegación
(2026-01-21 01:46:02)	[WARNING] class mvc.controller.show.entry.data.ShowItemDataController: goBack sin contexto de navegación
(2026-01-21 01:46:02)	[WARNING] class mvc.controller.show.entry.data.ShowItemDataController: goBack sin contexto de navegación
(2026-01-21 01:46:06)	[WARNING] class mvc.controller.show.entry.data.ShowItemDataController: goBack sin contexto de navegación
(2026-01-21 01:46:06)	[WARNING] class mvc.controller.show.entry.data.ShowItemDataController: goBack sin contexto de navegación
(2026-01-21 01:56:00)	[WARNING] class mvc.controller.show.entry.data.ShowItemDataController: goBack sin contexto de navegación
(2026-01-21 01:58:23)	[WARNING] class mvc.controller.show.entry.data.ShowItemDataController: goBack sin contexto de navegación
(2026-01-21 01:58:24)	[WARNING] class mvc.controller.show.entry.data.ShowItemDataController: goBack sin contexto de navegación
(2026-01-21 02:03:18)	[INFO] class mvc.controller.user.LoginController: El usuario a ha iniciado sesion
(2026-01-21 02:03:30)	[INFO] class command.modify.ModifyEntryCommand: La receta con nombre Oak Chest en la coleccion Minecraft ha sido modificada.
(2026-01-21 02:03:40)	[INFO] class command.modify.ModifyEntryCommand: El item con nombre Oak Planks en la coleccion Minecraft ha sido modificada.
(2026-01-21 02:03:48)	[INFO] class command.modify.ModifyEntryCommand: El item con nombre Oak Planks en la coleccion Minecraft ha sido modificada.
(2026-01-21 02:41:07)	[INFO] class mvc.controller.user.LoginController: El usuario a ha iniciado sesion
(2026-01-21 02:41:30)	[INFO] class mvc.controller.user.LoginController: El usuario a ha iniciado sesion
(2026-01-21 02:41:40)	[INFO] class command.modify.ModifyEntryCommand: El item con nombre Stick en la coleccion Minecraft ha sido modificada.
(2026-01-21 02:41:47)	[INFO] class command.modify.ModifyEntryCommand: El item con nombre Stick en la coleccion Minecraft ha sido modificada.
(2026-01-21 02:41:58)	[INFO] class mvc.controller.user.LoginController: El usuario a ha iniciado sesion
(2026-01-21 02:45:38)	[INFO] class mvc.controller.user.LoginController: El usuario a ha iniciado sesion
(2026-01-21 02:47:33)	[INFO] class mvc.controller.user.LoginController: El usuario a ha iniciado sesion
(2026-01-21 02:47:41)	[INFO] class command.modify.ModifyEntryCommand: El item con nombre Stick en la coleccion Minecraft ha sido modificada.
(2026-01-21 02:48:06)	[ERROR] class mvc.controller.user.LoginController: No existe una cuenta con nombre aa
(2026-01-21 02:48:09)	[INFO] class mvc.controller.user.LoginController: El usuario a ha iniciado sesion
(2026-01-21 03:07:58)	[INFO] class mvc.controller.user.LoginController: El usuario a ha iniciado sesion
(2026-01-21 03:08:03)	[INFO] class command.modify.ModifyEntryCommand: La coleccion con nombre Minecraft ha sido modificada.
(2026-01-21 03:13:51)	[INFO] class mvc.controller.user.LoginController: El usuario a ha iniciado sesion
(2026-01-21 03:14:23)	[INFO] class mvc.controller.user.LoginController: El usuario a ha iniciado sesion
(2026-01-21 03:15:36)	[INFO] class mvc.controller.user.LoginController: El usuario a ha iniciado sesion
(2026-01-21 03:21:47)	[INFO] class mvc.controller.user.LoginController: El usuario a ha iniciado sesion
(2026-01-21 03:22:24)	[INFO] class command.modify.ModifyEntryCommand: El item con nombre Stick en la coleccion Minecraft ha sido modificada.
(2026-01-21 03:22:30)	[INFO] class command.modify.ModifyEntryCommand: El item con nombre Stick en la coleccion Minecraft ha sido modificada.
(2026-01-21 03:27:08)	[INFO] class mvc.controller.user.LoginController: El usuario a ha iniciado sesion
(2026-01-21 03:28:09)	[INFO] class mvc.controller.user.LoginController: El usuario a ha iniciado sesion
(2026-01-21 03:29:17)	[INFO] class mvc.controller.user.LoginController: El usuario a ha iniciado sesion
(2026-01-21 03:30:49)	[INFO] class mvc.controller.user.LoginController: El usuario a ha iniciado sesion
(2026-01-21 03:30:57)	[INFO] class command.modify.ModifyEntryCommand: El item con nombre Chest en la coleccion Minecraft ha sido modificada.
(2026-01-21 03:31:03)	[INFO] class command.modify.ModifyEntryCommand: El item con nombre Chest en la coleccion Minecraft ha sido modificada.
(2026-01-21 03:31:08)	[INFO] class command.modify.ModifyEntryCommand: El item con nombre Chest en la coleccion Minecraft ha sido modificada.
(2026-01-21 03:31:31)	[INFO] class command.modify.ModifyEntryCommand: El item con nombre Iron Chestplate en la coleccion Minecraft ha sido modificada.
(2026-01-21 03:31:36)	[INFO] class command.modify.ModifyEntryCommand: El item con nombre Iron Chestplate en la coleccion Minecraft ha sido modificada.
(2026-01-21 03:32:42)	[INFO] class mvc.controller.user.LoginController: El usuario a ha iniciado sesion
(2026-01-21 03:38:26)	[INFO] class mvc.controller.user.LoginController: El usuario a ha iniciado sesion
(2026-01-21 03:48:45)	[INFO] class mvc.controller.user.LoginController: El usuario a ha iniciado sesion
(2026-01-21 03:48:53)	[INFO] class command.modify.ModifyEntryCommand: El item con nombre Stick en la coleccion Minecraft ha sido modificada.
(2026-01-21 03:48:57)	[INFO] class command.modify.ModifyEntryCommand: El item con nombre Chest en la coleccion Minecraft ha sido modificada.
(2026-01-21 03:49:19)	[INFO] class mvc.controller.user.LoginController: El usuario a ha iniciado sesion
(2026-01-23 01:03:45)	[INFO] class mvc.controller.user.LoginController: El usuario a ha iniciado sesion
(2026-01-23 01:14:51)	[INFO] class mvc.controller.user.LoginController: El usuario a ha iniciado sesion
(2026-01-23 01:14:57)	[INFO] class command.modify.ModifyEntryCommand: La receta con nombre Oak Chest en la coleccion Minecraft ha sido modificada.
(2026-01-23 01:15:04)	[INFO] class command.modify.ModifyEntryCommand: La receta con nombre Iron Plate en la coleccion Minecraft ha sido modificada.
(2026-01-23 01:15:09)	[INFO] class command.modify.ModifyEntryCommand: El item con nombre Stick en la coleccion Minecraft ha sido modificada.
(2026-01-23 01:15:13)	[INFO] class command.modify.ModifyEntryCommand: El item con nombre Chest en la coleccion Minecraft ha sido modificada.
(2026-01-23 01:15:22)	[INFO] class command.modify.ModifyEntryCommand: El item con nombre Chest en la coleccion Minecraft ha sido modificada.
(2026-01-23 02:47:27)	[INFO] class mvc.controller.user.LoginController: El usuario a ha iniciado sesion
(2026-01-23 02:47:42)	[INFO] class mvc.model.entries.Recipe con id 10: La receta se ha ejecutado correctamente.
(2026-01-23 14:03:38)	[INFO] class mvc.controller.user.LoginController: El usuario a ha iniciado sesion
(2026-01-23 14:03:58)	[INFO] class command.modify.ModifyEntryCommand: La receta con nombre Iron Plate en la coleccion Minecraft ha sido modificada.
(2026-01-23 14:04:11)	[INFO] class command.modify.ModifyEntryCommand: El item con nombre Chest en la coleccion Minecraft ha sido modificada.
(2026-01-23 14:04:18)	[INFO] class command.modify.ModifyEntryCommand: El item con nombre Iron Chestplate en la coleccion Minecraft ha sido modificada.
(2026-01-23 14:04:28)	[INFO] class command.modify.ModifyEntryCommand: El item con nombre Iron Chestplate en la coleccion Minecraft ha sido modificada.
(2026-01-23 14:04:43)	[INFO] class mvc.controller.add.AddItemController: El usuario a ha creado un item llamado sus en la coleccion TW3
(2026-01-23 14:04:53)	[INFO] class mvc.controller.show.entry.data.ShowItemDataController: El usuario a ha borrado el item con nombre Iron Chestplate en la coleccion TW3
(2026-01-23 14:05:26)	[INFO] class mvc.controller.add.AddItemController: El usuario a ha creado un item llamado Iron Chestplate en la coleccion Minecraft
(2026-01-23 14:05:39)	[INFO] class mvc.controller.show.entry.data.ShowRecipeDataController: El usuario a ha creado el output Iron Chestplate en la receta Iron Plate en la coleccion Minecraft
(2026-01-24 22:15:34)	[INFO] class mvc.controller.user.LoginController: El usuario a ha iniciado sesion
(2026-01-27 12:48:52)	[INFO] class mvc.controller.user.LoginController: El usuario a ha iniciado sesion
